customer_id,signup_date,age,gender,region,service_tier,contract_type,payment_method,auto_payment,tenure_months,monthly_fee,support_calls_90d,late_payments_12m,weekly_usage_hours,monthly_usage_minutes,churn_risk
CUS-10001,2024-07-24,63.0,Female,Daejeon,Basic,One-year,Card,Yes,60.0,60.8,1.0,0.0,1.1,83.0,No
CUS-10002,2022-06-23,35.0,Female,Busan,Basic,Monthly,Bank transfer,No,56.0,57.5,0.0,0.0,6.3,413.0,Yes
CUS-10003,2021-07-12,45.0,Male,Seoul,Standard,Monthly,Card,Yes,17.0,65.1,2.0,1.0,4.3,313.0,Yes
CUS-10004,2025-08-07,46.0,Male,Seoul,Basic,Two-year,Card,Yes,50.0,63.1,3.0,0.0,12.7,880.0,No
CUS-10005,2022-12-27,50.0,Male,Seoul,Basic,Monthly,Card,Yes,32.0,57.9,2.0,0.0,2.1,171.0,No
CUS-10006,2022-03-27,52.0,Male,Busan,Standard,Monthly,Mobile pay,Yes,14.0,71.4,2.0,0.0,3.2,266.0,No
CUS-10007,2024-11-05,25.0,Male,Seoul,Basic,Two-year,Mobile pay,Yes,57.0,54.1,3.0,0.0,6.7,525.0,No
CUS-10008,2023-04-22,,Female,Seoul,Basic,Monthly,Bank transfer,No,48.0,63.5,3.0,0.0,8.7,697.0,No
CUS-10009,2024-07-16,28.0,Male,Seoul,Basic,Two-year,Virtual account,Yes,46.0,,2.0,0.0,2.0,144.0,No
CUS-10010,2025-11-18,,Male,Busan,Premium,One-year,Card,Yes,3.0,35.0,3.0,0.0,3.9,294.0,No
CUS-10011,2024-12-12,41.0,Male,Daejeon,Standard,One-year,Mobile pay,No,22.0,63.1,1.0,0.0,0.8,60.0,No
CUS-10012,2023-12-07,46.0,Male,Seoul,Premium,Monthly,Card,No,14.0,89.1,0.0,2.0,9.4,636.0,No
CUS-10013,2025-07-05,55.0,Male,Busan,Standard,One-year,Bank transfer,Yes,9.0,40.4,1.0,1.0,6.6,446.0,No
CUS-10014,2024-07-25,50.0,Female,Seoul,Premium,Monthly,Mobile pay,No,19.0,75.1,0.0,1.0,6.6,496.0,No
CUS-10015,2025-01-28,59.0,Male,Gwangju,Standard,Monthly,Mobile pay,Yes,17.0,51.0,2.0,1.0,3.2,196.0,No
CUS-10016,2024-05-24,60.0,Female,Daegu,Basic,One-year,Card,Yes,48.0,31.8,1.0,1.0,4.0,316.0,No
CUS-10017,2024-03-06,29.0,Female,Gwangju,Basic,Monthly,Bank transfer,No,15.0,53.0,5.0,2.0,4.6,305.0,No
CUS-10018,2021-10-30,56.0,Female,Seoul,Basic,Two-year,Card,No,55.0,44.6,2.0,2.0,2.2,167.0,No
CUS-10019,2021-06-19,51.0,Male,Seoul,Standard,Monthly,Bank transfer,Yes,56.0,67.2,2.0,0.0,12.0,653.0,No
CUS-10020,2024-03-19,50.0,Male,Seoul,Standard,Monthly,Card,Yes,19.0,52.5,1.0,1.0,6.2,348.0,No
CUS-10021,2022-06-21,31.0,Female,Busan,Standard,Monthly,Bank transfer,Yes,15.0,69.9,0.0,0.0,1.7,125.0,No
CUS-10022,2024-08-04,43.0,Male,Daejeon,Basic,Monthly,Mobile pay,Yes,11.0,36.1,3.0,1.0,11.6,677.0,No
CUS-10023,2021-11-21,48.0,,Gwangju,Standard,Two-year,Card,No,23.0,39.0,1.0,1.0,7.6,646.0,No
CUS-10024,2025-01-22,44.0,Male,Seoul,Premium,Monthly,Bank transfer,Yes,52.0,48.3,0.0,0.0,3.7,252.0,No
CUS-10025,2024-05-26,25.0,Male,Busan,Standard,Monthly,Card,Yes,49.0,43.6,1.0,0.0,5.0,331.0,No
CUS-10026,2023-05-28,42.0,Male,Seoul,Premium,Monthly,Card,Yes,15.0,73.7,6.0,2.0,9.7,644.0,No
CUS-10027,2021-02-15,42.0,Male,Daegu,Standard,One-year,Mobile pay,No,10.0,54.8,2.0,0.0,2.4,160.0,Yes
CUS-10028,2022-11-24,43.0,Male,Daegu,Premium,Monthly,Mobile pay,Yes,8.0,46.2,0.0,0.0,3.3,208.0,No
CUS-10029,2024-10-05,36.0,Female,Daejeon,Premium,Monthly,Card,No,72.0,66.0,3.0,1.0,7.8,624.0,No
CUS-10030,2025-07-21,25.0,Female,Daegu,Standard,One-year,Card,No,61.0,72.0,2.0,2.0,3.3,252.0,Yes
CUS-10031,2023-12-14,37.0,Male,Busan,Premium,Monthly,Mobile pay,Yes,22.0,40.5,1.0,0.0,5.8,449.0,No
CUS-10032,2025-08-24,19.0,Male,Daejeon,Standard,One-year,Card,Yes,13.0,33.5,4.0,0.0,3.3,259.0,No
CUS-10033,2022-12-08,49.0,Female,Busan,Standard,Two-year,Mobile pay,Yes,44.0,54.6,5.0,5.0,3.7,271.0,No
CUS-10034,2021-11-03,40.0,Female,Gwangju,Standard,One-year,Card,Yes,69.0,47.3,1.0,2.0,6.6,447.0,No
CUS-10035,2025-05-24,30.0,Male,Daejeon,Basic,Two-year,Virtual account,Yes,6.0,32.7,2.0,1.0,10.9,880.0,No
CUS-10036,2023-07-01,31.0,Male,Busan,Premium,Monthly,Virtual account,Yes,61.0,42.9,4.0,0.0,5.1,333.0,No
CUS-10037,2022-01-13,52.0,Female,Daegu,Standard,Two-year,Bank transfer,Yes,47.0,27.9,1.0,0.0,1.9,164.0,No
CUS-10038,2022-06-25,18.0,Female,Daejeon,Premium,Monthly,Bank transfer,Yes,72.0,71.8,2.0,0.0,7.0,602.0,No
CUS-10039,2022-06-29,49.0,Female,Daegu,Basic,Monthly,Bank transfer,Yes,25.0,35.8,1.0,0.0,3.3,242.0,No
CUS-10040,2021-11-18,43.0,Female,Busan,Premium,Monthly,Card,No,49.0,40.3,1.0,0.0,8.6,637.0,No
CUS-10041,2021-08-23,75.0,Male,Daejeon,Basic,Monthly,Card,No,54.0,56.9,1.0,0.0,8.6,585.0,No
CUS-10042,2024-04-23,25.0,Female,Daegu,Standard,Monthly,Bank transfer,Yes,62.0,73.6,1.0,1.0,4.7,306.0,No
CUS-10043,2024-05-14,32.0,Female,Seoul,Premium,Two-year,Bank transfer,No,16.0,86.4,3.0,1.0,3.1,209.0,No
CUS-10044,2025-10-16,33.0,Female,Daegu,Premium,Monthly,Card,Yes,57.0,85.9,2.0,0.0,4.3,368.0,No
CUS-10045,2022-04-11,36.0,Female,Daejeon,Premium,Monthly,Card,No,65.0,64.4,1.0,1.0,3.9,349.0,No
CUS-10046,2022-04-16,30.0,Female,Gwangju,Basic,Two-year,Bank transfer,Yes,7.0,48.6,2.0,2.0,4.4,336.0,No
CUS-10047,2024-03-21,42.0,Male,Seoul,Standard,Monthly,Virtual account,Yes,6.0,15.6,1.0,1.0,7.9,436.0,No
CUS-10048,2024-02-06,31.0,Female,Daegu,,One-year,Card,Yes,10.0,21.6,4.0,2.0,4.7,325.0,Yes
CUS-10049,2023-01-13,40.0,Female,Busan,Basic,Two-year,Card,Yes,20.0,63.1,2.0,1.0,4.0,230.0,No
CUS-10050,2025-08-17,61.0,Female,Seoul,Premium,Monthly,Mobile pay,No,12.0,53.5,0.0,0.0,1.1,71.0,Yes
CUS-10051,2025-08-30,35.0,Female,Gwangju,Basic,One-year,Card,No,18.0,53.4,1.0,2.0,1.2,97.0,No
CUS-10052,2023-12-22,29.0,Female,Daejeon,Premium,Monthly,Virtual account,Yes,28.0,51.2,3.0,0.0,3.0,224.0,Yes
CUS-10053,2023-04-18,41.0,Male,Daejeon,Basic,Monthly,Bank transfer,No,36.0,49.3,1.0,0.0,2.4,167.0,No
CUS-10054,2022-12-10,53.0,Female,Seoul,Premium,Two-year,Card,Yes,68.0,62.1,2.0,0.0,3.9,251.0,No
CUS-10055,2023-12-16,21.0,Female,Seoul,Basic,One-year,Card,No,27.0,47.8,4.0,1.0,5.0,359.0,Yes
CUS-10056,2025-04-17,42.0,Female,Seoul,Basic,Two-year,Card,Yes,19.0,75.4,1.0,2.0,,94.0,No
CUS-10057,2025-07-26,50.0,Female,Daegu,Standard,Monthly,Bank transfer,Yes,65.0,76.7,2.0,0.0,6.1,464.0,No
CUS-10058,2021-02-21,47.0,Female,Gwangju,Premium,Monthly,Bank transfer,No,17.0,31.5,1.0,0.0,9.0,721.0,No
CUS-10059,2021-06-05,56.0,Female,Gwangju,Basic,Two-year,Bank transfer,No,43.0,69.8,2.0,1.0,6.2,442.0,No
CUS-10060,,23.0,Male,Seoul,Standard,Two-year,Bank transfer,No,45.0,45.3,1.0,0.0,2.8,157.0,Yes
CUS-10061,2025-11-19,51.0,Male,Daegu,Basic,Two-year,Mobile pay,No,61.0,58.7,3.0,0.0,5.9,410.0,No
CUS-10062,2023-08-22,36.0,Male,Daejeon,Standard,Monthly,Bank transfer,No,52.0,48.8,2.0,1.0,1.1,80.0,No
CUS-10063,2023-12-06,57.0,Male,Seoul,Standard,One-year,Card,No,48.0,73.2,1.0,0.0,3.7,276.0,No
CUS-10064,2025-07-10,35.0,Male,Seoul,Standard,Monthly,Card,Yes,19.0,59.3,2.0,0.0,11.1,789.0,No
CUS-10065,2025-10-31,39.0,Male,Daegu,Standard,Two-year,Card,No,43.0,33.1,1.0,1.0,20.0,880.0,No
CUS-10066,2025-10-29,47.0,Female,Gwangju,Standard,Monthly,Mobile pay,No,9.0,67.1,3.0,1.0,6.1,431.0,No
CUS-10067,2021-08-31,,Male,Seoul,Standard,Two-year,Card,No,40.0,73.6,0.0,0.0,0.3,30.0,No
CUS-10068,2022-05-15,47.0,Female,Seoul,Standard,One-year,Card,Yes,47.0,35.1,1.0,1.0,7.5,514.0,No
CUS-10069,2023-07-30,46.0,Male,Seoul,Premium,Two-year,Mobile pay,No,72.0,19.0,3.0,0.0,2.3,153.0,No
CUS-10070,2025-11-19,35.0,Male,Busan,Premium,Two-year,Mobile pay,Yes,54.0,74.9,1.0,2.0,5.0,363.0,No
CUS-10071,2021-08-11,29.0,Male,Gwangju,Premium,One-year,Bank transfer,No,25.0,69.3,2.0,1.0,3.7,259.0,No
CUS-10072,2024-01-25,33.0,Female,Seoul,Premium,One-year,Card,Yes,46.0,52.8,0.0,1.0,7.4,582.0,Yes
CUS-10073,2025-03-29,33.0,Female,Daejeon,Premium,One-year,Bank transfer,No,44.0,62.7,1.0,0.0,6.0,435.0,No
CUS-10074,,39.0,Male,Gwangju,Premium,One-year,Card,Yes,5.0,72.0,2.0,4.0,1.6,111.0,No
CUS-10075,2025-10-06,48.0,Male,Seoul,Basic,Monthly,Card,Yes,24.0,61.3,0.0,1.0,8.5,692.0,No
CUS-10076,2022-08-29,,Male,Gwangju,Standard,Monthly,Mobile pay,Yes,41.0,60.6,0.0,0.0,2.3,145.0,No
CUS-10077,2023-03-28,27.0,Male,Busan,Standard,Two-year,Card,Yes,8.0,63.4,2.0,0.0,6.0,479.0,Yes
CUS-10078,2024-11-05,41.0,Male,Daejeon,Premium,Monthly,Mobile pay,No,59.0,36.0,1.0,2.0,4.6,356.0,No
CUS-10079,2022-02-09,33.0,Female,Seoul,Standard,One-year,Card,Yes,7.0,101.9,1.0,0.0,6.2,990.0,No
CUS-10080,2021-07-24,42.0,Male,Busan,Basic,Monthly,Card,No,46.0,66.9,2.0,0.0,7.7,608.0,No
CUS-10081,2022-11-10,47.0,Female,Busan,Basic,Two-year,Mobile pay,Yes,20.0,53.3,2.0,0.0,10.1,751.0,No
CUS-10082,2024-04-17,30.0,Male,Seoul,Standard,Two-year,Virtual account,No,32.0,52.4,0.0,1.0,12.1,750.0,No
CUS-10083,2021-03-21,49.0,Male,Daejeon,Basic,Monthly,Virtual account,Yes,64.0,53.6,3.0,0.0,4.1,286.0,Yes
CUS-10084,2021-01-08,38.0,Male,Gwangju,Basic,Monthly,,No,8.0,28.5,2.0,1.0,4.3,334.0,Yes
CUS-10085,2023-09-02,41.0,Male,Gwangju,Standard,One-year,Bank transfer,Yes,25.0,61.1,2.0,0.0,3.9,310.0,No
CUS-10086,2025-07-30,37.0,Male,Seoul,Basic,One-year,Mobile pay,Yes,22.0,64.4,3.0,0.0,4.9,389.0,No
CUS-10087,2022-01-05,26.0,Male,Busan,Basic,Monthly,Card,No,56.0,56.3,0.0,0.0,2.2,148.0,No
CUS-10088,2022-01-14,46.0,Female,Busan,Standard,One-year,Virtual account,Yes,4.0,46.3,0.0,1.0,5.2,380.0,No
CUS-10089,2021-04-06,40.0,Female,Seoul,Standard,Monthly,Bank transfer,No,52.0,46.4,4.0,0.0,9.1,814.0,No
CUS-10090,2023-03-12,53.0,Female,Daegu,Standard,One-year,Card,Yes,50.0,64.0,3.0,1.0,3.6,279.0,Yes
CUS-10091,2023-02-26,60.0,Female,Seoul,Premium,Two-year,Card,No,25.0,43.3,1.0,0.0,4.4,361.0,No
CUS-10092,2024-08-22,43.0,Male,Daejeon,Basic,Two-year,Bank transfer,Yes,14.0,68.3,1.0,0.0,8.3,620.0,No
CUS-10093,2024-03-31,18.0,Female,Daegu,Basic,Monthly,Card,Yes,49.0,53.0,2.0,1.0,4.1,329.0,No
CUS-10094,2025-12-15,33.0,Female,Seoul,Basic,Monthly,Bank transfer,Yes,68.0,42.5,1.0,0.0,2.9,227.0,No
CUS-10095,2021-12-06,51.0,Male,Daegu,Basic,Monthly,Bank transfer,Yes,67.0,27.1,2.0,0.0,1.8,115.0,No
CUS-10096,2022-07-06,39.0,Female,Seoul,Basic,Monthly,Bank transfer,Yes,6.0,63.5,4.0,2.0,2.1,161.0,Yes
CUS-10097,2021-05-10,18.0,Female,Daegu,Basic,Monthly,Card,No,21.0,37.8,2.0,0.0,2.6,193.0,No
CUS-10098,2021-10-07,55.0,Female,Seoul,Basic,Two-year,Card,No,54.0,62.1,1.0,4.0,1.8,133.0,No
CUS-10099,2022-07-18,45.0,Female,Busan,Standard,Two-year,Card,No,14.0,36.8,3.0,0.0,19.1,880.0,No
CUS-10100,2022-10-29,28.0,Female,Seoul,Standard,Monthly,Bank transfer,No,17.0,69.3,0.0,0.0,5.5,323.0,No
CUS-10101,2021-10-16,32.0,Female,Seoul,Standard,Monthly,Virtual account,Yes,15.0,69.8,2.0,0.0,2.4,174.0,No
CUS-10102,2021-04-14,55.0,Male,Busan,Standard,Monthly,Card,Yes,42.0,58.9,2.0,1.0,4.3,310.0,No
CUS-10103,2023-10-10,52.0,Male,Seoul,Standard,Monthly,Mobile pay,Yes,60.0,58.1,2.0,1.0,,169.0,No
CUS-10104,2021-02-08,49.0,Male,Busan,Basic,One-year,Card,Yes,1.0,60.0,2.0,2.0,5.6,406.0,No
CUS-10105,2021-04-20,39.0,Male,Gwangju,Standard,Monthly,Mobile pay,No,10.0,103.8,2.0,1.0,2.4,184.0,No
CUS-10106,2025-06-11,51.0,Female,Busan,Premium,One-year,Mobile pay,Yes,5.0,67.8,2.0,1.0,0.4,30.0,No
CUS-10107,2022-06-01,37.0,Female,Busan,Standard,One-year,Bank transfer,Yes,62.0,12.3,0.0,0.0,5.4,380.0,No
CUS-10108,2023-04-05,48.0,Male,Seoul,Standard,One-year,Virtual account,No,19.0,64.0,0.0,2.0,1.8,139.0,No
CUS-10109,2022-04-27,55.0,Female,Daegu,Standard,Monthly,Card,No,40.0,83.1,0.0,1.0,2.9,185.0,Yes
CUS-10110,2022-07-11,41.0,Male,Daegu,Basic,One-year,Card,No,28.0,65.1,3.0,2.0,7.3,404.0,No
CUS-10111,2023-06-26,18.0,Male,Busan,Premium,Monthly,Card,No,21.0,78.7,0.0,1.0,7.6,565.0,No
CUS-10112,2023-10-10,43.0,Male,Gwangju,Standard,One-year,Card,No,3.0,85.4,3.0,0.0,5.7,434.0,No
CUS-10113,2025-12-24,45.0,Female,Daegu,Premium,One-year,Card,No,9.0,60.3,1.0,0.0,4.0,294.0,No
CUS-10114,2023-06-06,42.0,Male,Daejeon,Premium,Two-year,Card,No,36.0,81.1,1.0,0.0,10.0,676.0,No
CUS-10115,2022-01-29,27.0,Female,Seoul,Standard,Monthly,Card,No,58.0,46.6,2.0,1.0,8.9,682.0,No
CUS-10116,2021-05-17,38.0,Male,Seoul,Basic,Monthly,Card,Yes,47.0,96.7,2.0,2.0,,299.0,No
CUS-10117,2024-01-12,57.0,Male,Busan,Basic,Monthly,Mobile pay,Yes,43.0,60.0,1.0,0.0,1.2,66.0,No
CUS-10118,2021-11-23,41.0,Male,Busan,Basic,One-year,Card,No,28.0,,3.0,0.0,5.2,431.0,No
CUS-10119,2022-10-12,45.0,Male,Seoul,Standard,Monthly,Card,No,25.0,64.2,1.0,0.0,4.2,234.0,No
CUS-10120,2025-11-28,45.0,Male,Seoul,Standard,Monthly,Mobile pay,No,42.0,66.3,4.0,0.0,3.5,232.0,No
CUS-10121,2021-12-28,46.0,Male,Daegu,Standard,One-year,Card,No,32.0,37.5,0.0,0.0,3.5,241.0,No
CUS-10122,2023-11-13,33.0,Male,Busan,Standard,Monthly,Mobile pay,No,37.0,50.1,3.0,1.0,6.4,416.0,No
CUS-10123,2021-03-18,36.0,Female,Gwangju,Standard,Monthly,Card,Yes,20.0,26.4,3.0,1.0,3.2,234.0,No
CUS-10124,2024-03-10,55.0,Female,Seoul,Standard,Monthly,Virtual account,Yes,61.0,78.7,1.0,1.0,4.0,286.0,No
CUS-10125,2024-01-03,50.0,Male,Seoul,Basic,One-year,Card,Yes,54.0,46.0,1.0,0.0,4.1,255.0,No
CUS-10126,2025-07-22,49.0,Female,Busan,Standard,Monthly,Mobile pay,Yes,70.0,70.0,1.0,1.0,3.4,295.0,No
CUS-10127,2023-05-04,29.0,Female,Seoul,Basic,Two-year,Bank transfer,Yes,5.0,73.0,5.0,1.0,4.6,295.0,No
CUS-10128,2024-06-07,43.0,Female,Seoul,Basic,Monthly,Card,Yes,65.0,49.9,1.0,0.0,4.3,1120.0,No
CUS-10129,2025-02-18,46.0,Male,Seoul,Standard,Monthly,Card,No,59.0,57.3,0.0,2.0,3.6,284.0,No
CUS-10130,2024-01-15,42.0,Male,Seoul,Standard,Monthly,Mobile pay,No,52.0,63.7,2.0,1.0,3.0,228.0,No
CUS-10131,2022-03-15,49.0,Male,Seoul,Basic,Monthly,Mobile pay,Yes,49.0,39.7,0.0,0.0,4.6,382.0,No
CUS-10132,2023-05-17,37.0,Male,Seoul,Standard,Two-year,Mobile pay,No,15.0,,1.0,1.0,20.5,880.0,No
CUS-10133,2022-03-16,21.0,Female,Daejeon,Premium,Monthly,Card,No,12.0,71.3,3.0,1.0,2.0,151.0,No
CUS-10134,2023-09-10,51.0,Male,Daejeon,Standard,Monthly,Card,No,61.0,48.5,2.0,1.0,1.0,66.0,No
CUS-10135,2023-06-11,41.0,Male,Daejeon,Premium,One-year,Bank transfer,Yes,55.0,34.6,1.0,1.0,7.2,650.0,No
CUS-10136,2021-03-31,35.0,Female,Daegu,Basic,Monthly,Virtual account,Yes,10.0,25.8,1.0,0.0,9.2,659.0,No
CUS-10137,2021-07-01,73.0,Male,Daegu,Basic,Monthly,Mobile pay,Yes,53.0,16.1,3.0,0.0,5.4,409.0,No
CUS-10138,2025-12-27,23.0,Male,Seoul,,Monthly,Virtual account,Yes,30.0,88.0,1.0,0.0,4.2,323.0,No
CUS-10139,2025-04-04,26.0,Female,Seoul,Basic,Monthly,Virtual account,Yes,42.0,41.8,1.0,2.0,3.6,283.0,No
CUS-10140,2025-06-21,36.0,Female,Seoul,Standard,One-year,Card,Yes,32.0,86.8,0.0,0.0,12.6,1710.0,No
CUS-10141,2023-06-03,18.0,Female,Busan,Basic,Monthly,Bank transfer,Yes,60.0,65.8,1.0,0.0,0.4,31.0,Yes
CUS-10142,2021-11-03,59.0,Female,Gwangju,Basic,Monthly,Card,No,20.0,70.3,3.0,1.0,11.5,740.0,Yes
CUS-10143,2021-06-06,46.0,Female,Gwangju,Standard,Monthly,Mobile pay,Yes,20.0,60.7,5.0,0.0,1.7,148.0,No
CUS-10144,2023-10-01,50.0,Female,Busan,Standard,Monthly,Mobile pay,No,59.0,99.9,4.0,0.0,3.7,275.0,No
CUS-10145,2021-01-26,63.0,Male,Daejeon,Standard,Monthly,Bank transfer,Yes,16.0,76.5,1.0,2.0,9.6,680.0,No
CUS-10146,2025-09-22,53.0,Male,Seoul,Basic,Monthly,Card,Yes,60.0,75.3,3.0,0.0,5.4,400.0,No
CUS-10147,2024-04-08,21.0,Female,Seoul,Standard,One-year,Card,No,48.0,81.0,3.0,1.0,4.4,266.0,No
CUS-10148,2024-09-30,46.0,Male,Seoul,Premium,Monthly,Card,Yes,49.0,31.0,1.0,3.0,5.7,446.0,No
CUS-10149,2022-08-22,29.0,Female,Daejeon,Basic,One-year,Virtual account,Yes,57.0,71.4,2.0,3.0,6.2,408.0,No
CUS-10150,2021-05-19,47.0,Female,Seoul,Basic,One-year,Card,No,29.0,72.7,2.0,0.0,8.2,658.0,No
CUS-10151,2022-10-30,38.0,Female,Seoul,Standard,Monthly,Card,Yes,12.0,46.2,1.0,1.0,5.8,386.0,No
CUS-10152,2023-11-24,40.0,Male,Gwangju,Premium,Monthly,Bank transfer,No,35.0,34.6,4.0,1.0,2.5,188.0,No
CUS-10153,2023-08-24,58.0,Female,Busan,Basic,Monthly,Virtual account,Yes,14.0,59.8,1.0,0.0,14.1,880.0,No
CUS-10154,2023-12-02,27.0,Female,Daejeon,Standard,One-year,Card,Yes,1.0,72.6,3.0,0.0,1.4,97.0,No
CUS-10155,2021-04-13,46.0,Female,Seoul,Standard,Two-year,Card,Yes,8.0,69.1,2.0,0.0,4.5,265.0,No
CUS-10156,2025-10-18,43.0,Female,Daejeon,Premium,One-year,Card,No,62.0,103.4,1.0,1.0,,880.0,No
CUS-10157,2021-12-28,27.0,Female,Daejeon,Basic,Monthly,Mobile pay,No,16.0,75.9,2.0,0.0,3.4,234.0,No
CUS-10158,2023-10-08,53.0,Female,Daegu,Basic,Two-year,Virtual account,Yes,60.0,49.9,1.0,0.0,1.9,144.0,No
CUS-10159,2022-11-15,45.0,Male,Seoul,Standard,Monthly,Mobile pay,Yes,69.0,45.1,2.0,0.0,2.2,151.0,No
CUS-10160,2021-09-11,46.0,Female,Daegu,Premium,One-year,Bank transfer,No,25.0,50.2,3.0,0.0,3.4,179.0,No
CUS-10161,2023-07-26,26.0,Female,Seoul,Standard,Two-year,Mobile pay,Yes,28.0,48.5,0.0,0.0,6.9,445.0,No
CUS-10162,2022-07-03,52.0,Female,Gwangju,Standard,Two-year,Card,No,18.0,53.5,1.0,0.0,6.7,508.0,No
CUS-10163,2023-07-07,38.0,Male,Daegu,Premium,Two-year,Card,Yes,64.0,55.0,3.0,1.0,6.4,412.0,No
CUS-10164,2024-12-07,43.0,Male,Daegu,Premium,Monthly,Bank transfer,No,6.0,90.0,1.0,0.0,6.1,524.0,No
CUS-10165,2025-12-17,58.0,Male,Seoul,Standard,Monthly,Mobile pay,Yes,40.0,63.2,0.0,0.0,1.8,130.0,No
CUS-10166,2023-12-22,22.0,Male,Seoul,Premium,Monthly,Mobile pay,Yes,35.0,75.0,2.0,1.0,3.9,275.0,No
CUS-10167,2025-12-14,49.0,Male,Daejeon,Basic,One-year,Mobile pay,Yes,26.0,47.8,3.0,0.0,0.6,36.0,No
CUS-10168,2021-04-12,38.0,Male,Seoul,Standard,Two-year,Bank transfer,No,65.0,57.3,1.0,1.0,6.4,442.0,No
CUS-10169,2022-11-01,38.0,Male,Seoul,Basic,Monthly,Bank transfer,No,49.0,64.3,2.0,0.0,6.3,414.0,No
CUS-10170,2021-05-17,62.0,Female,Seoul,Basic,Monthly,Bank transfer,Yes,34.0,56.0,3.0,3.0,5.3,388.0,No
CUS-10171,2025-08-18,29.0,Female,Seoul,Basic,Monthly,Virtual account,Yes,52.0,43.6,3.0,3.0,9.5,645.0,Yes
CUS-10172,2025-01-08,51.0,Female,Busan,Basic,Monthly,Bank transfer,No,19.0,66.3,2.0,1.0,8.6,595.0,Yes
CUS-10173,2025-11-18,61.0,Male,Seoul,Standard,Two-year,Bank transfer,No,35.0,37.2,2.0,1.0,4.9,320.0,No
CUS-10174,2022-04-23,45.0,Male,Busan,Standard,Two-year,Bank transfer,No,54.0,89.1,0.0,0.0,10.4,837.0,No
CUS-10175,2024-03-02,45.0,Female,Seoul,Premium,Two-year,Card,No,44.0,68.8,2.0,3.0,3.5,299.0,No
CUS-10176,2025-07-24,56.0,Male,Seoul,Premium,Two-year,Bank transfer,Yes,28.0,65.6,5.0,2.0,9.8,696.0,No
CUS-10177,2023-01-23,23.0,Female,Seoul,Standard,One-year,Bank transfer,Yes,66.0,42.7,3.0,2.0,5.9,363.0,No
CUS-10178,2024-12-04,31.0,Female,Daejeon,Standard,Monthly,Card,No,38.0,84.3,0.0,0.0,2.0,147.0,No
CUS-10179,2022-11-13,47.0,Female,Busan,Standard,Monthly,Card,Yes,70.0,60.6,4.0,0.0,16.1,880.0,No
CUS-10180,2022-09-15,30.0,Male,Daejeon,Basic,Monthly,Card,Yes,43.0,86.5,2.0,2.0,3.7,247.0,No
CUS-10181,2021-01-26,25.0,Female,Gwangju,Standard,Monthly,Card,No,50.0,54.8,2.0,3.0,4.5,308.0,No
CUS-10182,2024-07-07,33.0,Male,Gwangju,Standard,Monthly,Bank transfer,No,34.0,64.1,0.0,0.0,4.8,267.0,No
CUS-10183,2023-02-03,33.0,Female,Busan,Basic,Monthly,Card,Yes,20.0,52.8,2.0,0.0,,452.0,Yes
CUS-10184,2023-04-18,41.0,Female,Daegu,Standard,Monthly,Mobile pay,No,7.0,27.1,2.0,2.0,5.7,335.0,No
CUS-10185,2021-11-16,52.0,Male,Busan,Standard,One-year,,No,71.0,80.1,3.0,0.0,12.2,793.0,No
CUS-10186,2024-08-30,53.0,Male,Daejeon,Basic,One-year,Bank transfer,Yes,37.0,66.9,2.0,0.0,3.3,270.0,No
CUS-10187,2025-09-23,42.0,Female,Seoul,Standard,One-year,Bank transfer,No,43.0,60.7,2.0,2.0,2.7,222.0,No
CUS-10188,2024-05-29,43.0,Female,Daegu,Basic,One-year,Bank transfer,Yes,49.0,48.2,3.0,0.0,4.4,314.0,No
CUS-10189,2025-05-09,20.0,Female,Busan,Basic,One-year,Bank transfer,No,22.0,60.3,1.0,2.0,6.5,473.0,No
CUS-10190,2025-06-10,49.0,Female,Seoul,Standard,Two-year,Card,No,66.0,75.1,2.0,1.0,5.0,346.0,No
CUS-10191,2023-02-17,38.0,Male,Gwangju,Standard,One-year,Virtual account,No,56.0,90.6,2.0,0.0,5.3,415.0,No
CUS-10192,2024-09-18,57.0,Male,Seoul,Premium,Monthly,Card,Yes,23.0,26.1,3.0,1.0,3.5,249.0,No
CUS-10193,2021-11-02,33.0,Female,Daegu,Basic,Monthly,Bank transfer,No,25.0,74.3,1.0,2.0,4.5,297.0,No
CUS-10194,2024-02-14,39.0,Female,Daejeon,Standard,One-year,Card,No,33.0,77.8,2.0,2.0,1.5,121.0,No
CUS-10195,2025-05-06,38.0,Male,Busan,Premium,Monthly,Bank transfer,Yes,48.0,25.5,1.0,2.0,8.6,573.0,No
CUS-10196,2023-10-12,64.0,,Seoul,Standard,Monthly,Card,No,39.0,21.2,6.0,0.0,11.6,879.0,No
CUS-10197,2023-08-04,50.0,Male,Busan,Standard,One-year,Virtual account,Yes,24.0,39.4,1.0,0.0,,880.0,No
CUS-10198,2025-11-29,35.0,Female,Seoul,Basic,One-year,Mobile pay,Yes,60.0,31.7,2.0,2.0,12.3,849.0,No
CUS-10199,2025-10-16,32.0,Female,Gwangju,Standard,Monthly,Card,No,72.0,53.0,4.0,0.0,1.9,137.0,Yes
CUS-10200,2021-05-28,48.0,Female,Seoul,Basic,One-year,Card,Yes,21.0,52.5,3.0,0.0,4.4,334.0,No
CUS-10201,2022-08-03,46.0,Male,Daegu,Basic,Monthly,Card,Yes,39.0,20.7,1.0,0.0,4.5,322.0,No
CUS-10202,2023-10-09,56.0,Male,Seoul,Premium,Monthly,Bank transfer,Yes,46.0,46.9,2.0,1.0,4.5,268.0,No
CUS-10203,2022-11-18,49.0,Female,Seoul,Basic,Monthly,Card,Yes,62.0,33.9,2.0,0.0,5.3,362.0,No
CUS-10204,2024-07-07,40.0,Female,Daejeon,Premium,Monthly,Mobile pay,No,37.0,50.7,4.0,0.0,11.9,880.0,No
CUS-10205,2021-12-27,19.0,Female,Seoul,Basic,Two-year,Card,No,72.0,16.3,2.0,3.0,10.7,753.0,No
CUS-10206,2023-12-21,37.0,Female,Gwangju,Basic,Monthly,Virtual account,Yes,24.0,55.6,1.0,0.0,1.7,112.0,No
CUS-10207,2021-11-15,30.0,Female,Seoul,Standard,One-year,Card,No,51.0,71.5,2.0,0.0,3.7,288.0,No
CUS-10208,2023-06-25,28.0,Male,Daegu,Basic,Monthly,Card,Yes,70.0,45.3,5.0,0.0,1.8,145.0,No
CUS-10209,2022-08-03,40.0,Female,Seoul,Basic,Monthly,Card,Yes,14.0,60.8,2.0,3.0,1.3,94.0,Yes
CUS-10210,,29.0,Male,Seoul,Standard,Monthly,Bank transfer,No,10.0,76.8,1.0,1.0,2.5,198.0,No
CUS-10211,2025-09-10,38.0,Male,Gwangju,Premium,One-year,Virtual account,No,11.0,73.8,1.0,0.0,5.9,369.0,Yes
CUS-10212,2024-06-02,40.0,Female,Daegu,Standard,Monthly,Mobile pay,Yes,28.0,42.2,3.0,1.0,5.9,432.0,No
CUS-10213,2024-02-18,31.0,Female,Daejeon,Standard,One-year,Mobile pay,Yes,3.0,90.0,0.0,0.0,4.5,313.0,No
CUS-10214,2021-01-27,35.0,Female,Seoul,Basic,Two-year,Card,No,52.0,83.0,2.0,0.0,2.0,142.0,No
CUS-10215,2023-11-05,45.0,Male,Seoul,Basic,Two-year,Bank transfer,No,23.0,65.9,1.0,1.0,6.3,507.0,No
CUS-10216,2022-01-27,57.0,Female,Seoul,Standard,Monthly,Card,Yes,13.0,72.5,4.0,1.0,20.2,880.0,No
CUS-10217,2025-08-07,38.0,Female,Daejeon,Standard,Monthly,Mobile pay,Yes,66.0,69.5,2.0,0.0,0.7,52.0,No
CUS-10218,2023-07-21,36.0,Female,Gwangju,Basic,Two-year,Card,Yes,36.0,81.3,2.0,1.0,4.6,332.0,Yes
CUS-10219,2023-07-12,59.0,Male,Seoul,Basic,Monthly,Bank transfer,No,66.0,69.1,1.0,1.0,12.9,880.0,No
CUS-10220,2022-04-25,51.0,Male,Seoul,Standard,Two-year,Card,Yes,22.0,43.9,1.0,0.0,4.4,321.0,No
CUS-10221,2023-03-27,47.0,Female,Seoul,Standard,Two-year,Mobile pay,Yes,48.0,29.8,3.0,0.0,2.7,187.0,No
CUS-10222,2024-04-13,60.0,Male,,Premium,Monthly,Card,Yes,3.0,60.2,1.0,0.0,10.1,696.0,No
CUS-10223,2021-02-03,39.0,Female,Seoul,Basic,One-year,Card,Yes,13.0,64.8,1.0,0.0,0.3,30.0,Yes
CUS-10224,2023-10-14,39.0,Female,Seoul,Basic,One-year,Card,No,11.0,59.4,2.0,1.0,11.7,705.0,No
CUS-10225,2025-11-17,52.0,Male,Seoul,Basic,Two-year,Virtual account,No,69.0,46.4,3.0,2.0,1.4,108.0,No
CUS-10226,2025-06-07,35.0,Female,Busan,Standard,Monthly,Virtual account,No,19.0,67.7,2.0,0.0,2.3,186.0,No
CUS-10227,2024-06-11,40.0,Male,,Standard,Monthly,Bank transfer,Yes,50.0,58.1,2.0,2.0,2.3,165.0,No
CUS-10228,2023-12-16,40.0,Male,Seoul,Basic,One-year,Card,No,4.0,73.7,0.0,1.0,3.5,263.0,Yes
CUS-10229,2024-09-25,65.0,Female,Gwangju,Standard,Monthly,Mobile pay,Yes,2.0,47.3,1.0,1.0,10.1,672.0,No
CUS-10230,2024-10-16,29.0,Female,Daegu,Standard,Two-year,Mobile pay,Yes,17.0,49.9,0.0,0.0,4.2,272.0,No
CUS-10231,2024-06-22,48.0,Female,Seoul,Standard,Monthly,Virtual account,Yes,47.0,63.7,2.0,1.0,4.3,343.0,No
CUS-10232,2025-11-28,41.0,Male,Daejeon,Premium,Monthly,Mobile pay,Yes,21.0,12.0,1.0,2.0,1.0,72.0,No
CUS-10233,2022-01-29,49.0,Female,Daejeon,Premium,Monthly,Card,Yes,16.0,78.2,1.0,0.0,5.4,360.0,No
CUS-10234,2024-01-13,39.0,Male,Gwangju,Basic,One-year,Mobile pay,No,45.0,31.8,1.0,0.0,1.7,116.0,No
CUS-10235,2022-12-24,57.0,Female,Busan,Basic,Monthly,Card,Yes,35.0,76.2,0.0,0.0,6.1,374.0,No
CUS-10236,2021-09-07,49.0,Female,Gwangju,Basic,One-year,Bank transfer,Yes,57.0,79.8,0.0,0.0,5.8,388.0,No
CUS-10237,2024-11-03,28.0,Female,Seoul,Basic,Monthly,Bank transfer,Yes,62.0,74.3,1.0,0.0,6.8,433.0,No
CUS-10238,2025-12-24,44.0,Male,Seoul,Basic,Monthly,Card,No,13.0,76.9,1.0,2.0,2.7,215.0,No
CUS-10239,2024-08-12,31.0,Male,Daejeon,Premium,Two-year,Bank transfer,No,39.0,49.2,0.0,1.0,7.4,532.0,No
CUS-10240,2025-06-06,38.0,Female,Daegu,Standard,Two-year,Card,No,54.0,50.6,2.0,0.0,9.1,742.0,No
CUS-10241,2025-01-24,18.0,Male,Daejeon,Standard,One-year,Mobile pay,Yes,5.0,73.1,3.0,0.0,2.5,163.0,No
CUS-10242,2023-08-14,49.0,Female,Seoul,Basic,Monthly,Card,No,54.0,81.5,1.0,1.0,2.9,198.0,No
CUS-10243,2025-11-18,49.0,Male,Gwangju,Standard,Monthly,Bank transfer,Yes,33.0,37.4,2.0,0.0,3.6,305.0,No
CUS-10244,2022-05-27,53.0,Female,Daegu,Standard,Monthly,,Yes,34.0,59.9,3.0,0.0,2.9,187.0,No
CUS-10245,2022-06-25,37.0,Female,,Premium,Monthly,Bank transfer,Yes,18.0,72.2,2.0,0.0,4.5,318.0,No
CUS-10246,2024-06-30,28.0,Female,Seoul,Basic,Monthly,Card,No,48.0,65.8,2.0,1.0,3.0,221.0,No
CUS-10247,2021-08-16,49.0,Male,Seoul,Basic,One-year,Virtual account,Yes,1.0,51.9,2.0,3.0,6.0,444.0,No
CUS-10248,2024-03-16,40.0,Male,Busan,Basic,Two-year,Mobile pay,Yes,51.0,19.6,1.0,2.0,4.3,354.0,No
CUS-10249,2023-08-24,61.0,Male,Seoul,Standard,Two-year,Card,No,47.0,34.2,4.0,1.0,5.1,457.0,No
CUS-10250,2021-10-22,44.0,Female,Seoul,Premium,One-year,Card,Yes,71.0,69.1,1.0,0.0,6.5,414.0,No
CUS-10251,2021-07-14,45.0,Female,Busan,Standard,Two-year,Card,Yes,28.0,34.2,0.0,0.0,8.8,626.0,No
CUS-10252,2023-09-27,46.0,Male,Daegu,Standard,One-year,Virtual account,No,37.0,61.4,2.0,0.0,6.3,448.0,No
CUS-10253,2024-10-02,37.0,Female,Gwangju,Premium,Monthly,Bank transfer,No,13.0,56.5,5.0,2.0,3.9,235.0,No
CUS-10254,2023-07-09,43.0,Female,Daejeon,Standard,Monthly,Mobile pay,No,35.0,43.2,0.0,0.0,7.1,527.0,No
CUS-10255,2022-08-24,51.0,Female,Daejeon,Standard,Monthly,Card,No,13.0,61.2,2.0,0.0,6.1,444.0,No
CUS-10256,2023-04-10,41.0,Male,Seoul,Premium,Two-year,Virtual account,No,54.0,54.8,2.0,1.0,12.3,880.0,No
CUS-10257,2023-07-03,37.0,Female,Daejeon,Standard,Monthly,Bank transfer,No,34.0,78.8,2.0,2.0,,299.0,No
CUS-10258,2022-07-02,30.0,Male,Seoul,Premium,Monthly,Mobile pay,No,48.0,73.7,1.0,1.0,7.0,490.0,No
CUS-10259,2021-10-14,,Male,Daejeon,Basic,Monthly,Card,No,35.0,18.1,3.0,0.0,17.7,880.0,No
CUS-10260,2024-07-23,39.0,Male,Seoul,Premium,Monthly,Virtual account,Yes,68.0,81.4,1.0,0.0,3.1,247.0,No
CUS-10261,2024-09-15,27.0,Male,Seoul,Basic,Monthly,Virtual account,Yes,33.0,81.6,0.0,1.0,9.6,729.0,No
CUS-10262,2021-11-03,27.0,Male,Seoul,Standard,Monthly,Card,Yes,21.0,74.6,2.0,1.0,9.2,673.0,No
CUS-10263,2022-10-02,51.0,Female,Seoul,Standard,One-year,Card,No,4.0,65.1,3.0,4.0,2.6,170.0,No
CUS-10264,2024-07-04,48.0,Male,Seoul,Standard,One-year,Card,No,28.0,69.5,3.0,1.0,10.9,704.0,No
CUS-10265,2025-04-07,42.0,Female,Daegu,Standard,One-year,Mobile pay,Yes,67.0,42.0,0.0,1.0,5.4,431.0,No
CUS-10266,2021-04-27,39.0,,Seoul,Basic,Monthly,Bank transfer,Yes,33.0,47.4,2.0,1.0,4.6,337.0,No
CUS-10267,2021-06-10,43.0,Male,Seoul,Basic,One-year,Card,No,19.0,26.1,2.0,3.0,1.4,77.0,No
CUS-10268,2022-10-02,18.0,Male,Daejeon,Standard,Monthly,Card,Yes,61.0,79.6,1.0,0.0,7.6,652.0,No
CUS-10269,2023-08-15,29.0,Female,Busan,Premium,Two-year,Mobile pay,No,46.0,41.5,1.0,0.0,2.3,195.0,No
CUS-10270,2025-10-07,51.0,Male,Daejeon,Basic,Two-year,Mobile pay,Yes,47.0,40.7,1.0,0.0,4.6,314.0,No
CUS-10271,2023-03-05,36.0,Female,Seoul,Premium,Monthly,Mobile pay,Yes,62.0,37.0,1.0,0.0,4.9,368.0,No
CUS-10272,2024-09-19,,Male,Daejeon,Standard,Two-year,Bank transfer,No,29.0,71.1,3.0,1.0,2.8,167.0,No
CUS-10273,2021-08-10,46.0,Male,Seoul,Basic,Two-year,Card,No,41.0,62.4,8.0,1.0,6.5,350.0,No
CUS-10274,2021-09-09,44.0,Female,Seoul,Premium,Monthly,Mobile pay,Yes,4.0,55.1,1.0,1.0,5.9,497.0,No
CUS-10275,2022-05-30,48.0,Female,Seoul,Premium,Two-year,Card,No,22.0,53.2,1.0,0.0,,167.0,No
CUS-10276,2021-05-26,30.0,Female,Gwangju,Standard,Monthly,Mobile pay,No,15.0,72.4,1.0,2.0,3.7,243.0,No
CUS-10277,2022-09-24,37.0,Male,Busan,Standard,Two-year,Card,Yes,17.0,57.0,3.0,0.0,4.7,310.0,No
CUS-10278,2021-10-12,37.0,Female,Seoul,Standard,One-year,Card,Yes,42.0,63.3,1.0,2.0,2.7,197.0,No
CUS-10279,2025-01-31,46.0,Female,Daejeon,Basic,Monthly,Card,Yes,48.0,78.7,0.0,4.0,2.2,172.0,No
CUS-10280,2024-09-17,37.0,Male,Busan,Premium,Monthly,Card,Yes,35.0,73.1,1.0,1.0,1.3,89.0,No
CUS-10281,2022-11-11,40.0,Male,Busan,Standard,Monthly,Bank transfer,Yes,56.0,71.0,3.0,2.0,3.4,212.0,No
CUS-10282,2024-01-08,55.0,Male,Daegu,Premium,Monthly,Mobile pay,Yes,42.0,64.4,1.0,0.0,6.6,472.0,No
CUS-10283,2021-09-13,53.0,Male,Seoul,Standard,One-year,Virtual account,Yes,27.0,80.8,2.0,0.0,5.6,422.0,No
CUS-10284,2025-08-06,30.0,Female,Gwangju,,Monthly,Bank transfer,No,40.0,75.4,4.0,3.0,11.7,745.0,No
CUS-10285,2025-02-03,33.0,Male,Seoul,Premium,One-year,Bank transfer,Yes,7.0,38.0,3.0,2.0,1.7,127.0,No
CUS-10286,2021-08-04,50.0,Male,Gwangju,Standard,Monthly,Card,Yes,11.0,95.9,4.0,0.0,3.2,250.0,Yes
CUS-10287,2022-09-15,46.0,Male,Seoul,Standard,One-year,Card,No,52.0,39.8,0.0,1.0,22.0,880.0,No
CUS-10288,2021-06-24,47.0,Female,Busan,Standard,One-year,Mobile pay,Yes,28.0,80.2,2.0,0.0,1.0,61.0,No
CUS-10289,2022-05-28,35.0,Female,Seoul,Premium,Monthly,Card,Yes,31.0,73.2,0.0,2.0,8.5,618.0,No
CUS-10290,2023-10-25,41.0,Female,Seoul,Standard,One-year,Card,Yes,20.0,60.8,1.0,1.0,6.5,557.0,No
CUS-10291,2023-09-25,21.0,Male,Busan,Standard,One-year,Card,Yes,60.0,70.2,3.0,0.0,6.9,490.0,No
CUS-10292,2025-07-24,52.0,Female,Busan,Basic,Monthly,Bank transfer,No,53.0,103.1,1.0,2.0,12.2,880.0,No
CUS-10293,2022-02-26,25.0,Female,Seoul,Premium,One-year,Card,No,39.0,52.9,0.0,1.0,5.8,459.0,No
CUS-10294,2025-07-22,44.0,Male,Gwangju,Standard,Monthly,Mobile pay,No,45.0,60.8,3.0,0.0,8.5,555.0,No
CUS-10295,2023-02-08,55.0,Male,Daegu,Premium,One-year,,Yes,45.0,44.6,1.0,1.0,4.1,356.0,No
CUS-10296,2021-04-01,48.0,Female,Busan,Premium,Monthly,Mobile pay,Yes,6.0,85.9,2.0,1.0,2.4,215.0,No
CUS-10297,2022-02-25,52.0,Male,Gwangju,Basic,Monthly,Mobile pay,Yes,19.0,61.2,2.0,1.0,5.8,372.0,No
CUS-10298,2024-07-22,37.0,Male,Gwangju,Premium,One-year,Bank transfer,No,8.0,54.4,2.0,0.0,2.1,173.0,No
CUS-10299,2021-03-04,49.0,Female,Seoul,Standard,One-year,Virtual account,Yes,29.0,39.1,1.0,1.0,15.9,880.0,No
CUS-10300,2022-08-01,57.0,Male,Busan,Standard,Monthly,Mobile pay,Yes,53.0,63.7,3.0,3.0,3.5,267.0,No
CUS-10301,2021-09-25,36.0,Male,Daejeon,Standard,Monthly,Card,No,55.0,61.7,0.0,1.0,1.7,106.0,No
CUS-10302,2025-12-25,36.0,Female,Seoul,Basic,Two-year,Bank transfer,Yes,43.0,47.5,2.0,2.0,14.0,880.0,No
CUS-10303,2023-05-03,42.0,Female,Seoul,Premium,One-year,Bank transfer,No,4.0,53.8,1.0,0.0,4.3,311.0,No
CUS-10304,2022-03-15,45.0,Female,Daejeon,Basic,Monthly,Card,No,23.0,27.2,1.0,0.0,3.0,217.0,No
CUS-10305,2024-05-14,47.0,Male,Gwangju,Premium,Monthly,Card,No,54.0,31.8,2.0,2.0,3.2,254.0,No
CUS-10306,2021-08-29,46.0,Female,Busan,Premium,One-year,Card,Yes,3.0,61.8,1.0,0.0,11.5,880.0,No
CUS-10307,2024-06-16,56.0,Male,Daejeon,Premium,Monthly,Bank transfer,Yes,12.0,42.5,0.0,1.0,4.6,319.0,No
CUS-10308,2025-10-21,64.0,Male,Seoul,Basic,Monthly,Bank transfer,No,53.0,47.7,2.0,1.0,1.8,132.0,No
CUS-10309,2023-12-27,18.0,Female,Seoul,Standard,One-year,Card,No,3.0,39.7,1.0,1.0,3.0,193.0,No
CUS-10310,2023-03-17,48.0,Female,Daegu,,Monthly,Bank transfer,Yes,71.0,50.3,1.0,3.0,4.4,384.0,No
CUS-10311,2022-04-15,52.0,Female,Daegu,Standard,One-year,Card,Yes,2.0,34.3,0.0,1.0,14.2,880.0,No
CUS-10312,2022-02-13,18.0,Male,Gwangju,Basic,One-year,Card,Yes,55.0,46.5,1.0,0.0,8.2,598.0,No
CUS-10313,2024-08-31,36.0,Male,Seoul,Premium,Monthly,Mobile pay,Yes,33.0,17.2,3.0,3.0,3.1,273.0,Yes
CUS-10314,2023-09-11,44.0,Male,Busan,Standard,One-year,Card,No,24.0,75.8,2.0,0.0,5.1,335.0,Yes
CUS-10315,2021-09-22,38.0,Female,Gwangju,Standard,Monthly,Virtual account,Yes,48.0,58.4,4.0,1.0,4.6,390.0,No
CUS-10316,2022-06-03,41.0,Male,Seoul,Standard,Monthly,Bank transfer,Yes,40.0,56.8,3.0,1.0,5.1,380.0,No
CUS-10317,2021-08-02,57.0,Male,Daegu,Premium,Monthly,Virtual account,Yes,28.0,24.7,0.0,3.0,3.1,230.0,Yes
CUS-10318,2022-04-01,35.0,Female,Seoul,Standard,One-year,Mobile pay,Yes,22.0,40.5,3.0,0.0,17.1,880.0,No
CUS-10319,2022-04-27,52.0,Female,Seoul,Standard,Two-year,Bank transfer,Yes,9.0,71.0,0.0,1.0,3.2,240.0,No
CUS-10320,2021-06-12,24.0,Male,Seoul,Standard,Monthly,Mobile pay,Yes,24.0,70.0,3.0,1.0,6.8,508.0,Yes
CUS-10321,2021-10-22,38.0,Male,Daejeon,Basic,Monthly,Mobile pay,Yes,35.0,72.4,2.0,0.0,3.2,238.0,Yes
CUS-10322,2023-05-29,32.0,Female,Seoul,Standard,Monthly,Card,Yes,69.0,51.1,1.0,1.0,4.2,248.0,Yes
CUS-10323,2021-08-01,55.0,Female,Seoul,Premium,Two-year,Mobile pay,No,32.0,64.1,2.0,1.0,9.4,611.0,No
CUS-10324,2021-05-24,25.0,Female,Seoul,Standard,Monthly,Card,Yes,30.0,36.9,4.0,1.0,1.4,104.0,No
CUS-10325,2024-03-28,29.0,Female,Busan,Standard,Monthly,Card,No,63.0,58.0,1.0,0.0,13.4,880.0,No
CUS-10326,2022-06-17,69.0,Female,Busan,Basic,One-year,Virtual account,Yes,66.0,77.2,2.0,1.0,1.4,119.0,No
CUS-10327,2022-04-25,26.0,Male,Seoul,Basic,Monthly,Virtual account,No,13.0,73.4,4.0,0.0,3.3,238.0,Yes
CUS-10328,2023-12-07,47.0,Male,Seoul,Standard,Two-year,Virtual account,No,27.0,75.7,1.0,0.0,7.2,551.0,No
CUS-10329,2021-01-10,43.0,Female,Daegu,Basic,Two-year,Bank transfer,No,72.0,48.6,2.0,1.0,7.7,580.0,No
CUS-10330,2023-04-26,26.0,Female,Seoul,Standard,One-year,Card,Yes,35.0,68.1,0.0,0.0,1.8,137.0,No
CUS-10331,2025-10-12,42.0,Male,Daejeon,Standard,One-year,Mobile pay,Yes,8.0,71.2,3.0,0.0,7.6,501.0,No
CUS-10332,2022-07-12,31.0,Male,Busan,Standard,Two-year,Card,Yes,26.0,50.2,4.0,1.0,3.8,209.0,No
CUS-10333,2025-07-24,55.0,Male,Busan,Premium,Monthly,Card,Yes,65.0,60.8,5.0,0.0,2.3,182.0,No
CUS-10334,2021-10-29,40.0,Female,Seoul,Basic,One-year,Mobile pay,No,33.0,58.4,1.0,0.0,4.3,305.0,No
CUS-10335,2022-07-21,26.0,Male,Daegu,Premium,Monthly,Mobile pay,No,48.0,49.2,1.0,0.0,4.8,426.0,No
CUS-10336,2024-04-07,41.0,Female,Seoul,Premium,One-year,Bank transfer,No,53.0,48.3,1.0,1.0,9.0,857.0,No
CUS-10337,2022-12-07,57.0,Male,Seoul,Standard,Monthly,Mobile pay,Yes,40.0,61.2,1.0,0.0,4.9,387.0,No
CUS-10338,2025-08-30,50.0,Female,Seoul,Standard,One-year,Mobile pay,No,11.0,60.5,1.0,1.0,3.0,229.0,No
CUS-10339,2022-02-08,50.0,Female,Daejeon,Basic,One-year,Virtual account,No,39.0,76.4,1.0,1.0,7.4,539.0,No
CUS-10340,2022-06-11,44.0,Female,Daejeon,Standard,One-year,Bank transfer,Yes,50.0,53.7,6.0,0.0,3.4,261.0,No
CUS-10341,2023-05-05,37.0,Female,Busan,Basic,Monthly,Card,Yes,65.0,74.0,6.0,1.0,3.5,245.0,Yes
CUS-10342,2021-05-03,31.0,Female,Seoul,Standard,Monthly,Mobile pay,No,8.0,57.9,3.0,0.0,5.9,464.0,No
CUS-10343,2024-09-27,24.0,Female,Busan,Basic,Two-year,Card,Yes,56.0,87.3,3.0,1.0,5.1,332.0,No
CUS-10344,2024-10-28,49.0,Female,Seoul,Standard,One-year,Bank transfer,No,47.0,40.4,3.0,0.0,14.5,880.0,No
CUS-10345,2022-11-11,23.0,Male,Daejeon,Basic,Monthly,Card,Yes,61.0,61.7,3.0,0.0,0.9,65.0,No
CUS-10346,2021-01-04,42.0,Male,Seoul,Basic,Monthly,Bank transfer,Yes,43.0,42.3,4.0,1.0,5.5,434.0,Yes
CUS-10347,2025-11-26,45.0,Male,Daejeon,Standard,One-year,Virtual account,Yes,68.0,46.2,1.0,1.0,15.0,880.0,No
CUS-10348,2021-05-05,48.0,Female,Gwangju,Basic,Monthly,Card,Yes,18.0,52.9,3.0,0.0,5.8,400.0,Yes
CUS-10349,2024-04-29,30.0,Female,Busan,Premium,Monthly,Card,No,3.0,99.5,2.0,2.0,3.5,265.0,No
CUS-10350,2024-05-27,56.0,Male,Daejeon,Standard,Monthly,Bank transfer,Yes,49.0,58.5,3.0,1.0,1.0,78.0,Yes
CUS-10351,2021-07-10,45.0,Male,Busan,Basic,Two-year,Mobile pay,Yes,39.0,29.0,1.0,1.0,1.5,99.0,No
CUS-10352,2022-10-02,27.0,Female,Gwangju,Standard,Monthly,Bank transfer,Yes,65.0,60.0,2.0,0.0,6.0,513.0,No
CUS-10353,2023-05-15,37.0,Female,Busan,Basic,Monthly,Virtual account,Yes,67.0,19.1,3.0,0.0,3.5,227.0,No
CUS-10354,2022-12-19,40.0,Male,Daegu,Standard,Monthly,Card,Yes,10.0,86.8,1.0,0.0,4.4,329.0,No
CUS-10355,2025-11-19,40.0,Male,Busan,Premium,Monthly,Mobile pay,Yes,50.0,90.4,0.0,2.0,5.2,421.0,No
CUS-10356,2024-02-24,38.0,Male,Gwangju,Basic,Monthly,Card,Yes,26.0,61.9,1.0,1.0,5.2,368.0,Yes
CUS-10357,2025-01-06,40.0,Female,Seoul,Basic,Monthly,Card,No,24.0,53.0,1.0,1.0,4.8,371.0,No
CUS-10358,2025-08-06,31.0,Female,Daejeon,Standard,Two-year,Virtual account,Yes,72.0,43.2,4.0,1.0,7.9,597.0,No
CUS-10359,2025-09-03,76.0,Female,Daegu,Standard,Monthly,Mobile pay,Yes,27.0,53.9,0.0,0.0,13.5,880.0,No
CUS-10360,2024-04-14,32.0,Male,Seoul,Basic,One-year,Card,No,31.0,16.6,2.0,0.0,5.6,379.0,No
CUS-10361,2021-11-26,37.0,Male,Seoul,Basic,Two-year,Card,No,58.0,65.6,3.0,1.0,4.7,375.0,No
CUS-10362,2022-05-25,44.0,Male,Seoul,Premium,Two-year,Virtual account,No,61.0,47.7,2.0,0.0,3.9,251.0,No
CUS-10363,2024-04-28,51.0,Male,Seoul,Standard,Monthly,Card,No,56.0,20.4,2.0,1.0,3.9,263.0,No
CUS-10364,2023-01-21,42.0,Male,Daejeon,Premium,Two-year,Virtual account,Yes,49.0,44.3,1.0,0.0,5.0,354.0,No
CUS-10365,2021-10-30,49.0,Male,Daegu,Basic,Monthly,Card,No,9.0,40.7,2.0,0.0,4.0,245.0,No
CUS-10366,2024-07-02,53.0,Female,Seoul,Standard,Monthly,Bank transfer,No,5.0,98.2,3.0,1.0,6.4,415.0,No
CUS-10367,2024-06-22,46.0,Female,Daejeon,Basic,Monthly,Card,No,55.0,61.9,1.0,0.0,2.5,153.0,No
CUS-10368,2022-03-08,36.0,Female,Daegu,Basic,Monthly,Bank transfer,Yes,60.0,55.3,2.0,0.0,5.7,386.0,No
CUS-10369,2023-08-05,52.0,Female,Gwangju,Basic,One-year,Bank transfer,Yes,44.0,35.5,2.0,0.0,3.2,250.0,No
CUS-10370,2025-03-23,,Male,Seoul,Basic,Monthly,Bank transfer,Yes,41.0,48.4,2.0,1.0,8.7,582.0,No
CUS-10371,2022-05-16,42.0,Male,Daegu,Premium,Monthly,Bank transfer,Yes,2.0,99.7,1.0,0.0,6.2,578.0,Yes
CUS-10372,2025-04-16,34.0,Male,Seoul,Basic,One-year,Bank transfer,Yes,7.0,47.4,5.0,0.0,11.4,875.0,No
CUS-10373,2021-07-01,37.0,Female,Seoul,Basic,Two-year,Virtual account,Yes,11.0,50.3,0.0,0.0,3.4,250.0,No
CUS-10374,,39.0,Male,Daejeon,Standard,Monthly,Bank transfer,No,44.0,78.9,2.0,2.0,8.9,553.0,No
CUS-10375,2023-05-30,33.0,Male,Daegu,Basic,Monthly,Mobile pay,Yes,70.0,12.0,1.0,0.0,0.7,46.0,No
CUS-10376,2023-08-29,22.0,Female,Daejeon,Basic,Two-year,Virtual account,No,58.0,52.0,2.0,2.0,3.5,224.0,No
CUS-10377,2024-07-10,37.0,Male,Seoul,Premium,Two-year,Bank transfer,Yes,5.0,55.3,1.0,1.0,5.0,403.0,No
CUS-10378,2021-09-03,18.0,Male,Daejeon,Basic,Two-year,Bank transfer,Yes,39.0,59.2,0.0,0.0,3.5,284.0,No
CUS-10379,2025-01-29,39.0,Male,Daegu,Standard,Monthly,Bank transfer,No,66.0,42.7,2.0,1.0,1.6,110.0,No
CUS-10380,2021-09-10,47.0,Male,Seoul,,Monthly,Card,No,52.0,46.0,3.0,0.0,8.6,601.0,Yes
CUS-10381,2022-03-08,71.0,Male,Busan,Standard,Monthly,Mobile pay,No,14.0,49.1,5.0,1.0,11.3,801.0,No
CUS-10382,2025-01-05,53.0,Female,Daegu,Standard,Monthly,Card,Yes,27.0,57.2,3.0,1.0,1.9,127.0,No
CUS-10383,2023-02-02,63.0,Male,Gwangju,Basic,One-year,Mobile pay,Yes,44.0,52.9,1.0,1.0,1.4,90.0,No
CUS-10384,2023-08-31,29.0,Female,Busan,Premium,Monthly,Card,Yes,54.0,61.0,2.0,0.0,3.8,231.0,No
CUS-10385,2022-09-13,29.0,Female,Busan,Basic,Monthly,Bank transfer,Yes,31.0,28.7,0.0,1.0,2.1,125.0,No
CUS-10386,2024-10-13,38.0,Male,Seoul,Basic,Monthly,Virtual account,No,19.0,112.4,0.0,1.0,2.7,212.0,No
CUS-10387,2025-09-19,25.0,Male,Seoul,Standard,One-year,Card,No,39.0,43.1,0.0,0.0,2.3,149.0,No
CUS-10388,2023-06-18,27.0,Female,Gwangju,Basic,Monthly,Virtual account,Yes,23.0,39.1,2.0,0.0,4.0,271.0,Yes
CUS-10389,2021-11-05,35.0,Female,Gwangju,Premium,Monthly,Bank transfer,Yes,49.0,74.1,3.0,0.0,3.1,188.0,No
CUS-10390,2025-01-03,36.0,Female,Busan,Basic,One-year,Mobile pay,No,67.0,63.1,0.0,2.0,7.1,596.0,No
CUS-10391,2025-09-08,23.0,Male,Seoul,Premium,Monthly,Mobile pay,No,71.0,85.7,4.0,1.0,6.2,478.0,No
CUS-10392,2024-10-30,49.0,Female,Gwangju,Standard,One-year,Card,Yes,26.0,46.5,2.0,0.0,3.7,288.0,No
CUS-10393,2022-02-05,43.0,Female,Seoul,Standard,Monthly,Card,Yes,53.0,35.4,2.0,1.0,3.3,262.0,No
CUS-10394,2025-03-30,30.0,Female,Daegu,Standard,One-year,Bank transfer,Yes,33.0,72.8,2.0,0.0,0.9,64.0,No
CUS-10395,2024-06-20,24.0,Female,Daegu,Premium,Monthly,Mobile pay,No,3.0,78.5,1.0,0.0,8.1,637.0,No
CUS-10396,2025-08-07,36.0,Male,Busan,Premium,Monthly,Card,Yes,31.0,61.0,0.0,0.0,17.9,880.0,No
CUS-10397,2021-11-25,49.0,Female,Busan,Basic,Monthly,Mobile pay,Yes,41.0,51.4,3.0,0.0,3.9,289.0,No
CUS-10398,2021-06-05,41.0,Male,Seoul,Premium,Monthly,Card,No,41.0,37.1,2.0,1.0,7.2,483.0,No
CUS-10399,2023-06-11,18.0,Female,Seoul,Basic,Monthly,Bank transfer,No,56.0,82.9,2.0,2.0,12.1,880.0,No
CUS-10400,2021-02-28,35.0,Male,Seoul,Premium,Monthly,Mobile pay,No,23.0,90.6,1.0,1.0,6.0,350.0,No
CUS-10401,2021-07-29,33.0,Male,Busan,Standard,Monthly,Mobile pay,Yes,20.0,15.6,2.0,1.0,1.8,136.0,No
CUS-10402,2024-03-28,60.0,Male,Seoul,Basic,Monthly,Bank transfer,Yes,17.0,57.2,2.0,1.0,3.2,242.0,No
CUS-10403,2023-12-24,24.0,Male,Daejeon,Premium,One-year,Card,Yes,7.0,42.4,1.0,1.0,4.5,464.0,No
CUS-10404,2021-01-31,23.0,Male,Seoul,Premium,Monthly,Bank transfer,Yes,18.0,83.5,1.0,1.0,6.7,582.0,No
CUS-10405,2025-03-07,34.0,Male,Seoul,Basic,One-year,Card,Yes,72.0,45.6,1.0,3.0,9.6,722.0,No
CUS-10406,2022-08-14,64.0,Male,Busan,Basic,One-year,Mobile pay,No,20.0,100.3,0.0,1.0,19.6,880.0,Yes
CUS-10407,2023-10-12,51.0,Male,Daegu,Standard,Monthly,Card,Yes,48.0,28.2,0.0,0.0,7.1,500.0,No
CUS-10408,2021-07-08,45.0,Female,Daejeon,Standard,Monthly,Card,Yes,45.0,18.4,2.0,1.0,7.4,520.0,No
CUS-10409,2022-08-08,35.0,Female,Daegu,Basic,Monthly,Mobile pay,Yes,60.0,82.6,1.0,0.0,7.3,556.0,No
CUS-10410,2021-11-04,44.0,Female,Seoul,Standard,One-year,Card,No,17.0,63.0,1.0,1.0,6.0,410.0,No
CUS-10411,2023-05-03,46.0,Female,Daegu,Premium,Monthly,Card,No,36.0,70.1,2.0,0.0,4.3,305.0,No
CUS-10412,2021-08-09,43.0,Female,Daejeon,Premium,Monthly,Card,No,12.0,67.7,3.0,3.0,11.7,880.0,Yes
CUS-10413,2024-07-30,56.0,Male,Busan,Standard,Monthly,Virtual account,No,50.0,52.7,1.0,0.0,0.4,33.0,No
CUS-10414,2023-12-28,50.0,Female,Gwangju,Standard,Monthly,Card,Yes,3.0,65.6,0.0,0.0,7.8,626.0,No
CUS-10415,2023-01-25,46.0,Female,Gwangju,Standard,One-year,Mobile pay,No,18.0,39.8,1.0,1.0,7.6,453.0,No
CUS-10416,2024-07-12,61.0,Female,Seoul,Premium,Two-year,Card,No,65.0,44.1,1.0,0.0,6.7,499.0,No
CUS-10417,2025-09-10,61.0,Female,Seoul,Basic,One-year,Bank transfer,No,69.0,49.2,1.0,1.0,4.7,398.0,No
CUS-10418,2024-09-16,54.0,Male,Busan,Standard,One-year,Card,No,15.0,28.0,2.0,3.0,10.4,843.0,No
CUS-10419,2025-08-13,19.0,Female,Daejeon,Premium,Monthly,Card,No,32.0,53.4,0.0,3.0,1.4,91.0,No
CUS-10420,2025-08-07,52.0,Female,Daejeon,Basic,Monthly,Card,Yes,48.0,53.1,4.0,1.0,1.0,68.0,No
CUS-10421,2024-11-29,35.0,Female,Busan,Basic,One-year,Virtual account,Yes,60.0,62.8,1.0,2.0,4.5,365.0,No
CUS-10422,2022-06-24,46.0,Female,Seoul,Basic,One-year,Card,Yes,64.0,47.2,2.0,1.0,1.7,89.0,No
CUS-10423,2024-10-27,18.0,Female,Busan,Standard,Two-year,Card,Yes,39.0,76.3,3.0,1.0,3.7,288.0,No
CUS-10424,2021-11-14,27.0,Female,Gwangju,Premium,Monthly,Mobile pay,No,66.0,48.5,3.0,0.0,4.0,303.0,No
CUS-10425,2021-09-04,45.0,Male,Seoul,Standard,Two-year,Card,No,9.0,29.0,2.0,2.0,10.9,841.0,No
CUS-10426,2022-12-13,32.0,Male,Seoul,Basic,Monthly,Card,No,14.0,16.3,4.0,0.0,1.4,102.0,No
CUS-10427,2021-02-22,57.0,Male,Daejeon,Standard,Monthly,Card,No,44.0,61.1,0.0,0.0,2.4,191.0,No
CUS-10428,2024-02-20,24.0,Male,Seoul,Standard,Monthly,Bank transfer,No,34.0,31.6,2.0,1.0,4.7,254.0,No
CUS-10429,2022-09-02,28.0,Female,Busan,Premium,Monthly,Card,Yes,11.0,86.2,3.0,0.0,5.8,388.0,No
CUS-10430,2025-01-24,53.0,Female,Busan,Standard,Monthly,Mobile pay,Yes,34.0,59.7,3.0,1.0,2.5,183.0,No
CUS-10431,2025-12-19,18.0,Female,Daegu,Premium,One-year,Card,Yes,1.0,39.9,0.0,1.0,7.2,566.0,No
CUS-10432,2022-12-29,33.0,Male,Gwangju,Standard,Monthly,Virtual account,Yes,18.0,75.7,0.0,2.0,0.6,45.0,No
CUS-10433,2025-01-20,39.0,Female,Busan,Basic,Monthly,Bank transfer,No,3.0,27.6,0.0,1.0,8.4,603.0,No
CUS-10434,2025-09-04,53.0,Male,Busan,Premium,Monthly,Virtual account,Yes,47.0,61.7,1.0,0.0,2.7,226.0,No
CUS-10435,2024-01-21,60.0,Female,Daejeon,Basic,Monthly,Card,Yes,43.0,59.8,1.0,0.0,10.0,880.0,No
CUS-10436,2021-05-13,53.0,Female,Daegu,Basic,One-year,,No,12.0,41.2,0.0,1.0,12.1,880.0,No
CUS-10437,2023-04-20,28.0,Male,Seoul,Standard,Monthly,Card,No,34.0,34.5,2.0,1.0,2.5,157.0,No
CUS-10438,2023-12-07,33.0,Male,Seoul,Standard,One-year,Mobile pay,No,61.0,36.4,1.0,2.0,2.6,210.0,No
CUS-10439,2025-05-22,38.0,Male,Daegu,Basic,Two-year,Mobile pay,No,19.0,78.2,2.0,0.0,5.9,434.0,No
CUS-10440,2024-06-05,48.0,Female,Seoul,Basic,One-year,Card,Yes,3.0,66.4,2.0,1.0,4.6,350.0,Yes
CUS-10441,2024-11-07,37.0,Male,Gwangju,Standard,Monthly,,Yes,24.0,53.1,2.0,1.0,11.0,766.0,No
CUS-10442,2023-08-17,21.0,Female,Busan,Basic,One-year,Mobile pay,Yes,34.0,56.6,0.0,1.0,9.3,562.0,No
CUS-10443,2023-02-14,47.0,Male,Gwangju,Premium,Monthly,Card,Yes,26.0,93.2,1.0,0.0,0.9,65.0,No
CUS-10444,2022-10-09,46.0,Female,Busan,Standard,One-year,Card,No,71.0,15.3,0.0,1.0,4.4,297.0,No
CUS-10445,2022-09-28,26.0,Male,Daegu,Basic,Monthly,Bank transfer,Yes,70.0,32.8,1.0,0.0,5.8,424.0,No
CUS-10446,2024-01-25,46.0,Male,Daegu,Premium,Monthly,Card,No,38.0,64.6,2.0,1.0,1.9,143.0,Yes
CUS-10447,2024-02-04,42.0,Female,Seoul,Standard,One-year,Bank transfer,Yes,66.0,55.8,0.0,1.0,1.3,93.0,No
CUS-10448,2023-12-20,55.0,Male,Daejeon,Standard,Monthly,Bank transfer,No,9.0,34.9,2.0,0.0,5.9,420.0,No
CUS-10449,2023-03-21,52.0,Female,Seoul,Premium,One-year,Bank transfer,No,62.0,67.0,0.0,2.0,1.4,98.0,No
CUS-10450,2025-05-21,42.0,Male,Busan,Premium,Monthly,Mobile pay,Yes,67.0,62.5,3.0,0.0,5.9,372.0,No
CUS-10451,2021-08-26,40.0,Male,Busan,Standard,Two-year,Card,Yes,7.0,58.6,0.0,0.0,10.2,619.0,No
CUS-10452,2025-10-21,33.0,Female,Gwangju,Premium,One-year,Mobile pay,No,21.0,107.1,0.0,1.0,1.6,113.0,No
CUS-10453,2021-09-15,47.0,Male,Daejeon,Basic,One-year,Card,No,19.0,64.5,1.0,1.0,10.9,742.0,No
CUS-10454,2024-07-21,34.0,,Daegu,Standard,Two-year,Bank transfer,Yes,65.0,55.2,1.0,5.0,3.9,192.0,No
CUS-10455,2021-02-27,45.0,,Daejeon,Standard,Monthly,Card,No,60.0,62.4,2.0,0.0,4.0,272.0,No
CUS-10456,2025-01-21,25.0,Male,Busan,Basic,Monthly,Card,No,9.0,85.7,2.0,0.0,2.4,184.0,Yes
CUS-10457,2022-12-23,64.0,Female,Seoul,Standard,Monthly,Card,No,50.0,61.5,1.0,0.0,6.5,479.0,No
CUS-10458,2021-11-11,43.0,Male,Seoul,Premium,Monthly,Mobile pay,No,42.0,60.3,0.0,0.0,6.7,473.0,No
CUS-10459,2023-11-21,31.0,Male,Daegu,Premium,Monthly,Card,No,4.0,50.2,4.0,0.0,11.9,754.0,No
CUS-10460,2023-11-28,41.0,Male,Seoul,Premium,One-year,Card,Yes,13.0,76.1,1.0,0.0,4.8,316.0,No
CUS-10461,2021-04-18,29.0,Female,Seoul,Basic,Monthly,Virtual account,Yes,54.0,62.9,1.0,2.0,7.3,523.0,Yes
CUS-10462,2021-06-22,37.0,Male,Seoul,Basic,Two-year,Virtual account,Yes,62.0,75.0,2.0,1.0,3.6,305.0,No
CUS-10463,2024-01-31,55.0,Female,Seoul,Standard,Two-year,Card,Yes,39.0,47.5,2.0,2.0,5.3,365.0,No
CUS-10464,2022-12-18,37.0,Male,Gwangju,Standard,Two-year,Mobile pay,No,47.0,30.5,2.0,4.0,3.8,321.0,No
CUS-10465,2022-11-22,50.0,Male,Seoul,Premium,Monthly,Virtual account,No,50.0,63.9,2.0,1.0,2.8,219.0,No
CUS-10466,2024-01-21,36.0,Male,Busan,Standard,One-year,Card,No,70.0,69.0,1.0,0.0,2.3,171.0,No
CUS-10467,2022-05-03,49.0,Male,Seoul,Standard,One-year,Card,Yes,36.0,12.0,4.0,2.0,3.7,268.0,No
CUS-10468,2025-02-07,57.0,Female,Seoul,Standard,Monthly,Card,No,33.0,60.3,0.0,2.0,6.3,537.0,No
CUS-10469,2023-06-20,72.0,Male,Daegu,Basic,Two-year,Card,Yes,43.0,89.1,2.0,1.0,3.3,231.0,No
CUS-10470,,42.0,Female,Busan,Basic,One-year,Mobile pay,No,49.0,65.4,1.0,2.0,6.7,706.0,Yes
CUS-10471,2022-05-10,26.0,Male,Busan,Basic,Monthly,Bank transfer,No,63.0,52.2,0.0,2.0,6.5,438.0,No
CUS-10472,2021-12-24,65.0,Male,Gwangju,Basic,Two-year,Card,Yes,28.0,43.8,1.0,0.0,8.0,672.0,No
CUS-10473,2021-10-08,30.0,Female,Seoul,Standard,Monthly,Bank transfer,Yes,44.0,44.1,1.0,1.0,7.9,503.0,No
CUS-10474,2023-02-23,39.0,Female,Seoul,Premium,Two-year,Card,No,42.0,83.7,1.0,0.0,1.9,155.0,No
CUS-10475,2022-10-02,59.0,Female,Seoul,Standard,One-year,Bank transfer,Yes,40.0,12.0,3.0,0.0,6.6,473.0,No
CUS-10476,2025-11-12,50.0,Female,Seoul,Standard,One-year,Mobile pay,No,26.0,49.8,2.0,0.0,3.0,214.0,No
CUS-10477,2024-02-11,41.0,Female,Seoul,Premium,One-year,Card,No,60.0,48.0,0.0,0.0,3.4,258.0,No
CUS-10478,2022-06-26,39.0,Female,Daejeon,Standard,Two-year,Card,No,3.0,66.5,0.0,1.0,8.3,530.0,No
CUS-10479,2025-10-30,,Female,Busan,Standard,One-year,Mobile pay,Yes,28.0,62.6,1.0,0.0,2.2,145.0,No
CUS-10480,2025-02-23,43.0,Male,Busan,Premium,One-year,Card,No,18.0,22.5,2.0,2.0,3.3,230.0,No
CUS-10481,2025-11-07,34.0,Male,Busan,Premium,Monthly,Card,No,18.0,81.0,1.0,2.0,2.7,190.0,No
CUS-10482,2025-02-28,48.0,Female,Busan,Standard,Monthly,Card,No,53.0,49.9,4.0,1.0,1.7,127.0,No
CUS-10483,2021-10-12,36.0,Male,Gwangju,Basic,Monthly,Card,No,64.0,69.0,3.0,3.0,4.8,334.0,No
CUS-10484,2022-05-15,28.0,Male,Seoul,Standard,One-year,Card,No,69.0,55.7,3.0,2.0,9.9,715.0,No
CUS-10485,2025-06-05,25.0,Female,Seoul,Premium,Monthly,Card,Yes,66.0,33.5,3.0,0.0,4.7,428.0,No
CUS-10486,2024-11-17,48.0,Male,Seoul,Standard,Two-year,Bank transfer,No,41.0,53.4,2.0,2.0,5.3,415.0,No
CUS-10487,2024-02-13,46.0,Male,Busan,Basic,Two-year,Bank transfer,Yes,18.0,70.2,2.0,0.0,2.7,156.0,No
CUS-10488,2024-04-11,32.0,Female,Seoul,Standard,Monthly,Bank transfer,No,27.0,60.4,3.0,1.0,2.3,182.0,No
CUS-10489,2021-07-24,54.0,Female,Seoul,Standard,Monthly,Card,No,65.0,52.7,3.0,0.0,1.4,114.0,No
CUS-10490,2021-03-21,18.0,Female,Daegu,Standard,One-year,Virtual account,Yes,50.0,39.9,1.0,2.0,1.8,136.0,No
CUS-10491,2021-08-03,20.0,Male,Gwangju,Basic,One-year,Card,No,28.0,41.7,1.0,1.0,5.0,376.0,No
CUS-10492,2025-03-19,52.0,Female,Seoul,Premium,Monthly,Virtual account,Yes,42.0,81.3,2.0,0.0,4.0,298.0,No
CUS-10493,2023-11-18,39.0,Female,Busan,Standard,Monthly,Mobile pay,Yes,16.0,67.6,1.0,1.0,4.7,281.0,No
CUS-10494,2021-03-05,36.0,Male,Seoul,Premium,One-year,Card,No,53.0,40.8,1.0,1.0,4.2,319.0,No
CUS-10495,2025-03-12,40.0,Male,Gwangju,Standard,Two-year,Mobile pay,Yes,43.0,76.5,1.0,1.0,5.5,416.0,No
CUS-10496,2022-02-17,39.0,Male,Daegu,Standard,Monthly,Card,Yes,14.0,50.9,3.0,1.0,8.9,644.0,No
CUS-10497,2024-09-13,32.0,Female,Busan,Premium,Monthly,Mobile pay,Yes,54.0,61.8,1.0,1.0,2.9,247.0,No
CUS-10498,2025-11-17,53.0,Female,Seoul,Standard,Monthly,Card,Yes,39.0,56.0,1.0,1.0,3.2,246.0,No
CUS-10499,2021-08-14,49.0,Male,Daegu,Standard,Monthly,Card,No,61.0,49.6,2.0,0.0,10.0,728.0,No
CUS-10500,2024-02-06,39.0,Female,Busan,Premium,Monthly,Card,Yes,50.0,41.4,2.0,1.0,4.0,330.0,No
CUS-10501,2024-05-07,32.0,Female,Daejeon,Standard,Two-year,Bank transfer,Yes,41.0,45.2,1.0,0.0,2.0,133.0,No
CUS-10502,2022-10-11,32.0,Female,Daegu,Standard,One-year,Card,Yes,52.0,68.9,2.0,1.0,5.3,434.0,No
CUS-10503,2023-12-22,57.0,Female,Daegu,Basic,Monthly,Bank transfer,Yes,51.0,58.6,1.0,1.0,3.1,247.0,No
CUS-10504,2024-07-03,36.0,Female,Seoul,Basic,One-year,Mobile pay,No,35.0,68.4,0.0,0.0,2.8,189.0,No
CUS-10505,2022-01-13,29.0,Female,Daejeon,Standard,Monthly,Card,No,69.0,58.2,2.0,1.0,6.0,453.0,No
CUS-10506,2025-11-09,47.0,Male,Seoul,Basic,Monthly,Card,Yes,14.0,51.4,1.0,2.0,4.1,299.0,No
CUS-10507,2022-08-12,35.0,Male,Daegu,Basic,Monthly,Card,Yes,23.0,87.9,3.0,1.0,5.3,402.0,No
CUS-10508,2023-01-20,39.0,Female,Seoul,Standard,Monthly,Bank transfer,Yes,52.0,68.8,3.0,2.0,2.4,1450.0,No
CUS-10509,2022-08-02,51.0,Female,Seoul,Premium,Monthly,Virtual account,No,57.0,66.2,6.0,1.0,15.0,880.0,No
CUS-10510,2025-01-04,33.0,Male,Daegu,Premium,Monthly,Card,Yes,39.0,83.5,1.0,1.0,5.0,367.0,No
CUS-10511,2024-11-08,18.0,Male,Daejeon,Premium,Monthly,Bank transfer,No,5.0,47.7,0.0,0.0,4.9,342.0,No
CUS-10512,2023-03-24,21.0,Male,Seoul,Basic,One-year,Mobile pay,No,38.0,47.6,1.0,1.0,5.4,364.0,No
CUS-10513,2025-06-29,24.0,Female,Daegu,Standard,Monthly,Bank transfer,Yes,33.0,51.8,1.0,1.0,8.0,517.0,No
CUS-10514,2025-07-06,36.0,Female,Daegu,Standard,Monthly,Mobile pay,Yes,9.0,62.7,5.0,2.0,6.5,583.0,Yes
CUS-10515,2025-07-23,46.0,Female,Busan,Basic,One-year,Mobile pay,Yes,29.0,49.3,1.0,0.0,4.1,361.0,No
CUS-10516,2025-03-27,28.0,Female,Busan,Premium,One-year,Card,Yes,25.0,89.6,1.0,2.0,3.1,245.0,No
CUS-10517,2023-01-18,53.0,Female,Daegu,Standard,Monthly,Bank transfer,Yes,18.0,,1.0,0.0,5.8,413.0,No
CUS-10518,2024-11-29,50.0,Male,Seoul,Standard,One-year,Card,Yes,3.0,110.0,0.0,0.0,5.8,441.0,No
CUS-10519,2024-12-15,51.0,Female,Busan,Standard,One-year,Card,Yes,39.0,12.0,3.0,0.0,2.1,167.0,No
CUS-10520,2025-07-21,46.0,Female,Busan,Standard,Monthly,Virtual account,No,48.0,79.3,0.0,0.0,5.0,359.0,No
CUS-10521,2022-10-23,37.0,Female,Daejeon,Standard,Two-year,Mobile pay,No,48.0,36.5,3.0,1.0,9.1,737.0,No
CUS-10522,2023-08-05,41.0,Female,Daegu,Standard,Monthly,Card,No,22.0,26.0,3.0,0.0,4.4,370.0,No
CUS-10523,2025-01-30,39.0,Male,Gwangju,Standard,Monthly,Mobile pay,Yes,30.0,30.4,5.0,0.0,1.6,118.0,No
CUS-10524,2024-01-15,56.0,Male,Daegu,Standard,Monthly,Bank transfer,No,70.0,55.8,3.0,1.0,3.7,309.0,No
CUS-10525,2021-10-06,23.0,Female,Seoul,Standard,Monthly,Card,Yes,50.0,47.3,3.0,1.0,2.7,210.0,No
CUS-10526,2022-07-04,49.0,Female,Daegu,Premium,One-year,Card,Yes,19.0,77.9,2.0,2.0,2.6,187.0,No
CUS-10527,2021-03-28,35.0,Female,Gwangju,Standard,Monthly,Bank transfer,No,32.0,17.5,2.0,0.0,4.1,281.0,No
CUS-10528,2022-09-26,28.0,Female,Daejeon,Basic,Monthly,Card,Yes,39.0,61.1,2.0,0.0,6.3,383.0,No
CUS-10529,2024-02-13,54.0,Female,Seoul,,Monthly,Mobile pay,Yes,25.0,42.4,4.0,2.0,8.0,517.0,No
CUS-10530,2025-10-15,50.0,Male,Daegu,Basic,Monthly,Card,Yes,31.0,68.0,3.0,0.0,16.2,880.0,No
CUS-10531,2023-12-04,25.0,Female,Busan,Basic,Two-year,Bank transfer,Yes,5.0,65.2,1.0,2.0,0.8,59.0,No
CUS-10532,2024-03-07,42.0,Male,Daegu,Standard,Monthly,Card,No,24.0,66.0,2.0,0.0,1.9,119.0,No
CUS-10533,2021-11-07,62.0,Male,Gwangju,Basic,Two-year,Virtual account,No,38.0,62.2,1.0,1.0,2.4,145.0,No
CUS-10534,2023-06-08,42.0,Female,Seoul,Standard,One-year,Card,Yes,58.0,85.7,2.0,1.0,7.7,507.0,No
CUS-10535,2025-09-30,54.0,Male,Daejeon,Premium,One-year,Mobile pay,Yes,17.0,69.6,0.0,0.0,1.2,90.0,Yes
CUS-10536,2024-06-10,41.0,Female,Busan,Basic,One-year,Card,Yes,26.0,46.0,1.0,0.0,13.2,880.0,No
CUS-10537,2024-11-15,33.0,Female,Seoul,Basic,Monthly,Mobile pay,No,9.0,14.1,4.0,1.0,3.1,236.0,No
CUS-10538,2025-01-21,44.0,Female,Seoul,Basic,One-year,Mobile pay,No,26.0,62.9,0.0,2.0,3.7,280.0,No
CUS-10539,2025-06-10,41.0,Female,Daegu,Standard,One-year,Bank transfer,Yes,50.0,67.9,2.0,1.0,7.6,440.0,No
CUS-10540,2021-10-11,47.0,Female,Daejeon,Basic,Monthly,Card,No,34.0,52.1,2.0,0.0,2.1,154.0,No
CUS-10541,2024-08-12,43.0,Male,Busan,Standard,One-year,Bank transfer,Yes,25.0,41.8,0.0,1.0,5.2,354.0,No
CUS-10542,2021-11-27,48.0,Female,Gwangju,Premium,One-year,Bank transfer,Yes,48.0,43.4,5.0,1.0,5.5,426.0,No
CUS-10543,2021-07-22,36.0,Male,Daegu,Basic,Monthly,Mobile pay,Yes,9.0,55.7,1.0,3.0,2.4,187.0,No
CUS-10544,2025-12-08,27.0,Female,Daejeon,Standard,Monthly,Card,Yes,21.0,93.4,1.0,1.0,2.0,145.0,No
CUS-10545,2023-11-28,38.0,Female,Gwangju,Premium,Monthly,Mobile pay,Yes,4.0,78.6,6.0,0.0,1.5,128.0,Yes
CUS-10546,2024-02-20,48.0,Female,Daejeon,Standard,Monthly,Mobile pay,Yes,28.0,27.4,1.0,2.0,3.8,313.0,No
CUS-10547,2025-10-20,55.0,Female,Daejeon,Premium,Two-year,Card,Yes,15.0,54.2,4.0,1.0,2.9,195.0,Yes
CUS-10548,2021-05-06,44.0,Female,Daejeon,Standard,One-year,Card,Yes,43.0,52.7,4.0,0.0,6.3,567.0,No
CUS-10549,2023-09-23,28.0,Female,Daegu,Standard,Two-year,Card,Yes,45.0,43.4,1.0,0.0,1.1,87.0,No
CUS-10550,2023-08-25,48.0,Male,Busan,Basic,Monthly,Bank transfer,Yes,23.0,40.6,2.0,3.0,4.1,296.0,No
CUS-10551,2023-01-12,55.0,Female,Daejeon,Basic,Monthly,Card,Yes,65.0,77.5,2.0,1.0,2.3,150.0,No
CUS-10552,2025-01-21,56.0,Female,Busan,Standard,One-year,Card,No,57.0,39.7,0.0,1.0,5.9,387.0,No
CUS-10553,2022-07-06,38.0,Male,Daegu,Premium,Monthly,Bank transfer,No,16.0,57.0,4.0,1.0,4.4,308.0,Yes
CUS-10554,2023-09-14,64.0,Female,Gwangju,Standard,One-year,Card,No,38.0,45.8,1.0,1.0,5.0,367.0,No
CUS-10555,2025-10-18,44.0,Male,Busan,Standard,Monthly,Bank transfer,No,15.0,36.0,2.0,0.0,3.5,196.0,No
CUS-10556,2024-08-18,31.0,Male,Busan,Basic,Monthly,Mobile pay,No,72.0,80.2,1.0,1.0,0.4,30.0,No
CUS-10557,2023-11-06,46.0,Female,Seoul,Standard,Monthly,Card,No,25.0,90.6,0.0,0.0,6.3,551.0,No
CUS-10558,2022-04-03,41.0,Male,Gwangju,Basic,Two-year,Bank transfer,Yes,70.0,68.7,4.0,0.0,5.7,399.0,No
CUS-10559,2024-12-17,20.0,Male,Daejeon,Basic,Monthly,Bank transfer,Yes,47.0,40.1,2.0,2.0,2.9,196.0,No
CUS-10560,2023-06-26,18.0,Female,Busan,Premium,Two-year,Mobile pay,No,52.0,37.4,1.0,2.0,17.8,880.0,No
CUS-10561,2023-03-09,44.0,Female,Daegu,Basic,One-year,Bank transfer,Yes,26.0,45.0,4.0,1.0,1.4,90.0,No
CUS-10562,2022-12-19,66.0,Female,Daegu,Standard,Monthly,Card,No,54.0,37.0,1.0,0.0,3.8,258.0,No
CUS-10563,2023-10-05,58.0,Male,Seoul,Standard,Monthly,Bank transfer,No,12.0,54.7,0.0,2.0,10.7,775.0,Yes
CUS-10564,2022-10-11,70.0,Female,Gwangju,Premium,Monthly,Card,Yes,19.0,46.3,2.0,0.0,1.0,71.0,No
CUS-10565,2022-09-06,33.0,Male,Seoul,Standard,Monthly,Card,Yes,63.0,69.0,6.0,0.0,2.2,172.0,No
CUS-10566,2022-09-16,29.0,,Seoul,Basic,Monthly,Card,Yes,28.0,49.6,2.0,0.0,1.7,136.0,No
CUS-10567,2024-05-04,40.0,Male,Gwangju,Premium,Monthly,Card,No,2.0,46.3,3.0,1.0,12.8,880.0,No
CUS-10568,2023-11-16,,Female,Daegu,Premium,Monthly,Bank transfer,Yes,24.0,79.5,2.0,1.0,4.5,299.0,No
CUS-10569,2021-12-30,50.0,Female,Daegu,Standard,One-year,Mobile pay,No,20.0,71.5,2.0,2.0,4.7,371.0,No
CUS-10570,2023-12-04,55.0,Female,Daegu,Standard,One-year,Bank transfer,Yes,29.0,45.9,3.0,0.0,2.1,158.0,No
CUS-10571,2022-01-24,32.0,Female,Busan,Basic,Monthly,Virtual account,Yes,68.0,80.7,0.0,4.0,3.7,293.0,No
CUS-10572,2025-02-16,23.0,Male,Seoul,Standard,One-year,Card,Yes,12.0,35.4,1.0,0.0,10.9,763.0,No
CUS-10573,2025-10-09,53.0,Male,Daegu,Standard,One-year,Mobile pay,Yes,66.0,64.0,1.0,0.0,4.4,343.0,No
CUS-10574,2023-06-20,49.0,Male,Seoul,Standard,One-year,Bank transfer,No,17.0,58.5,3.0,0.0,3.4,246.0,No
CUS-10575,2025-07-15,33.0,Male,Seoul,Standard,One-year,Virtual account,Yes,18.0,54.5,2.0,0.0,5.7,439.0,No
CUS-10576,2025-04-20,50.0,Male,Daejeon,Standard,One-year,Bank transfer,Yes,30.0,73.9,3.0,1.0,4.1,309.0,No
CUS-10577,2022-03-28,48.0,Female,Daejeon,Premium,Monthly,Virtual account,Yes,20.0,39.5,6.0,0.0,6.0,508.0,No
CUS-10578,2023-03-30,30.0,Female,Gwangju,Premium,Monthly,Card,No,65.0,70.0,2.0,1.0,10.2,846.0,No
CUS-10579,,36.0,Female,Daejeon,,Two-year,Virtual account,No,66.0,66.3,0.0,1.0,2.2,171.0,No
CUS-10580,2025-09-10,41.0,Female,Busan,Basic,Monthly,Card,Yes,32.0,15.5,2.0,2.0,0.9,57.0,No
CUS-10581,2021-06-06,51.0,Female,Seoul,Standard,Monthly,Card,Yes,31.0,66.5,1.0,1.0,2.8,215.0,No
CUS-10582,2025-01-09,40.0,Male,Daejeon,Standard,Monthly,Card,No,28.0,80.1,3.0,0.0,1.4,111.0,No
CUS-10583,2024-04-17,48.0,Male,Daejeon,Standard,Monthly,Bank transfer,No,24.0,81.6,0.0,2.0,3.1,239.0,No
CUS-10584,2021-09-21,23.0,Male,Busan,Standard,Monthly,Virtual account,Yes,47.0,59.4,4.0,1.0,3.5,213.0,No
CUS-10585,2023-07-18,36.0,Male,Gwangju,Premium,Monthly,Card,Yes,63.0,65.2,1.0,1.0,5.0,366.0,No
CUS-10586,2025-04-21,21.0,Female,Seoul,Premium,Two-year,Card,No,58.0,62.3,1.0,2.0,2.5,205.0,No
CUS-10587,2022-01-05,67.0,Female,Seoul,Standard,One-year,Mobile pay,Yes,17.0,18.6,0.0,1.0,4.0,262.0,No
CUS-10588,2021-03-05,26.0,Female,Seoul,Basic,Monthly,Card,No,26.0,56.4,4.0,0.0,4.5,357.0,Yes
CUS-10589,2021-04-28,57.0,Male,Daegu,Standard,Monthly,Mobile pay,Yes,56.0,72.0,1.0,0.0,4.6,268.0,No
CUS-10590,2023-08-09,36.0,Male,Seoul,Basic,Monthly,,Yes,10.0,47.2,1.0,1.0,7.1,563.0,No
CUS-10591,2022-11-06,51.0,Male,Busan,Basic,One-year,Mobile pay,Yes,13.0,60.1,1.0,0.0,1.5,122.0,No
CUS-10592,2021-07-16,30.0,Male,Daegu,Basic,Two-year,Bank transfer,Yes,5.0,67.7,0.0,0.0,9.7,755.0,No
CUS-10593,2022-08-31,48.0,Male,Seoul,Standard,Monthly,Card,Yes,23.0,37.0,3.0,1.0,3.8,315.0,No
CUS-10594,2024-04-09,43.0,Male,Busan,Basic,Two-year,Virtual account,Yes,48.0,65.9,2.0,1.0,5.9,364.0,No
CUS-10595,2025-01-18,38.0,Male,Busan,Standard,Monthly,Card,Yes,56.0,86.7,3.0,0.0,10.7,785.0,No
CUS-10596,2022-02-20,51.0,Female,Daegu,Basic,Monthly,Mobile pay,No,32.0,85.7,0.0,0.0,6.8,568.0,No
CUS-10597,2024-07-29,46.0,Female,Seoul,Basic,Monthly,Card,No,58.0,101.8,1.0,0.0,4.4,329.0,Yes
CUS-10598,2025-07-27,,Female,Gwangju,Basic,Monthly,Card,Yes,13.0,71.7,2.0,0.0,4.8,337.0,No
CUS-10599,2023-04-24,39.0,Female,Daejeon,Basic,Monthly,Mobile pay,No,51.0,76.3,1.0,0.0,2.3,145.0,No
CUS-10600,2024-06-03,54.0,Female,Seoul,Basic,One-year,Bank transfer,No,44.0,,2.0,0.0,3.7,290.0,No
CUS-10601,2023-12-19,39.0,Male,Daegu,Basic,Monthly,Card,Yes,5.0,27.4,1.0,0.0,8.9,722.0,Yes
CUS-10602,2023-08-02,46.0,Male,Daegu,Standard,One-year,Mobile pay,Yes,20.0,63.3,3.0,0.0,6.4,445.0,No
CUS-10603,2024-03-28,22.0,Male,Daegu,Basic,Monthly,Mobile pay,Yes,69.0,62.3,3.0,0.0,8.7,528.0,No
CUS-10604,2022-11-28,55.0,Male,Daejeon,Standard,Monthly,Bank transfer,Yes,8.0,98.0,3.0,0.0,12.0,880.0,No
CUS-10605,2022-05-25,30.0,Male,Seoul,Standard,Monthly,,No,45.0,81.8,0.0,1.0,10.5,737.0,No
CUS-10606,2021-04-02,49.0,Female,Seoul,Basic,Monthly,Mobile pay,Yes,44.0,81.6,5.0,0.0,6.5,455.0,No
CUS-10607,2023-11-17,57.0,Male,Seoul,Standard,Monthly,Bank transfer,No,56.0,44.0,1.0,1.0,4.1,319.0,No
CUS-10608,2024-04-18,18.0,Male,Daejeon,Standard,Two-year,Mobile pay,Yes,15.0,63.6,3.0,1.0,4.8,382.0,No
CUS-10609,2025-01-31,65.0,Male,Daejeon,Premium,One-year,Card,No,55.0,53.0,4.0,1.0,6.0,411.0,No
CUS-10610,2022-05-11,29.0,Male,Seoul,Standard,Monthly,Bank transfer,No,46.0,86.8,2.0,0.0,3.4,258.0,No
CUS-10611,2021-07-12,52.0,Female,,Standard,Monthly,Bank transfer,Yes,51.0,91.3,5.0,0.0,1.9,129.0,No
CUS-10612,2022-01-15,50.0,Female,Seoul,Basic,Monthly,Card,No,31.0,46.0,2.0,0.0,1.0,64.0,Yes
CUS-10613,2023-02-18,41.0,Male,Seoul,,Monthly,Card,No,11.0,50.6,1.0,2.0,3.4,229.0,No
CUS-10614,2022-12-02,51.0,Female,Seoul,Premium,Monthly,Card,Yes,14.0,58.7,2.0,0.0,3.3,192.0,No
CUS-10615,2021-05-20,52.0,Male,Seoul,Standard,One-year,Bank transfer,Yes,18.0,60.8,1.0,2.0,5.3,297.0,No
CUS-10616,2023-08-07,43.0,Male,Gwangju,Premium,One-year,Bank transfer,Yes,1.0,84.5,1.0,0.0,7.8,522.0,No
CUS-10617,2025-02-24,20.0,Male,Seoul,Standard,Monthly,Card,No,29.0,26.4,5.0,1.0,0.2,30.0,No
CUS-10618,2022-05-27,35.0,Male,Gwangju,Standard,One-year,Card,Yes,67.0,55.4,0.0,0.0,1.4,89.0,No
CUS-10619,2023-06-21,29.0,Male,Daegu,Premium,Monthly,Bank transfer,Yes,26.0,81.3,2.0,0.0,11.1,795.0,No
CUS-10620,2024-11-30,25.0,Male,Gwangju,Standard,One-year,Card,No,9.0,71.3,1.0,0.0,8.0,585.0,No
CUS-10621,2025-10-14,38.0,Female,Busan,Standard,Two-year,Bank transfer,No,58.0,43.8,1.0,1.0,5.4,438.0,No
CUS-10622,2023-10-07,27.0,Female,Daejeon,Basic,Monthly,Card,Yes,37.0,41.7,6.0,0.0,10.1,608.0,Yes
CUS-10623,2023-01-05,40.0,Female,Daejeon,Basic,Monthly,Virtual account,No,25.0,52.4,0.0,2.0,12.5,880.0,No
CUS-10624,2025-07-03,59.0,Female,Seoul,Basic,Monthly,Card,Yes,11.0,60.2,6.0,2.0,8.9,623.0,Yes
CUS-10625,2024-09-21,52.0,Male,Seoul,Basic,Two-year,Card,No,16.0,29.3,0.0,0.0,4.3,341.0,No
CUS-10626,2023-12-21,43.0,Male,Seoul,Standard,Monthly,Mobile pay,No,8.0,45.1,2.0,1.0,10.6,880.0,No
CUS-10627,2022-05-01,58.0,Female,Daegu,Standard,Two-year,Card,Yes,66.0,,0.0,2.0,0.6,42.0,No
CUS-10628,2021-01-20,33.0,Male,Seoul,Standard,Two-year,Mobile pay,Yes,28.0,12.0,1.0,0.0,5.9,409.0,No
CUS-10629,2022-02-16,38.0,Male,Seoul,Basic,One-year,Bank transfer,No,4.0,83.7,2.0,2.0,4.3,312.0,Yes
CUS-10630,2021-02-24,30.0,Male,Seoul,Standard,One-year,Card,Yes,24.0,68.2,1.0,0.0,2.3,180.0,No
CUS-10631,2025-02-09,52.0,Female,Gwangju,Standard,One-year,Bank transfer,No,68.0,34.7,1.0,1.0,15.4,880.0,No
CUS-10632,2022-09-22,33.0,Female,Gwangju,Standard,Monthly,Virtual account,No,51.0,59.9,1.0,1.0,5.6,424.0,No
CUS-10633,2024-07-21,52.0,Male,Daegu,Basic,Monthly,Bank transfer,Yes,27.0,61.4,0.0,1.0,8.1,629.0,No
CUS-10634,2025-01-17,39.0,Female,Daejeon,Premium,Monthly,Mobile pay,No,4.0,52.5,3.0,0.0,5.2,385.0,No
CUS-10635,2023-10-14,41.0,Male,Daegu,Basic,Monthly,Card,No,47.0,27.3,1.0,3.0,,99.0,No
CUS-10636,2025-09-15,56.0,Female,Seoul,Basic,One-year,Card,No,33.0,49.1,1.0,0.0,2.2,131.0,No
CUS-10637,2021-05-06,46.0,Male,Gwangju,Basic,Monthly,Bank transfer,No,4.0,31.9,4.0,1.0,4.4,345.0,Yes
CUS-10638,2023-12-25,28.0,Male,Gwangju,Premium,Monthly,Bank transfer,No,65.0,65.3,0.0,0.0,2.7,177.0,No
CUS-10639,2022-09-21,42.0,Male,Busan,Basic,Monthly,Mobile pay,No,16.0,54.6,1.0,0.0,7.9,545.0,Yes
CUS-10640,2021-02-10,23.0,Male,Seoul,Basic,One-year,Virtual account,No,25.0,45.3,3.0,1.0,5.2,372.0,Yes
CUS-10641,2025-09-02,45.0,Female,Seoul,Basic,Monthly,Card,No,53.0,62.4,1.0,0.0,2.6,183.0,No
CUS-10642,2024-05-04,47.0,Female,Seoul,Basic,Monthly,Virtual account,Yes,50.0,55.4,1.0,0.0,5.0,295.0,No
CUS-10643,2021-10-25,31.0,Female,Seoul,Standard,Monthly,Mobile pay,Yes,35.0,45.3,1.0,1.0,10.1,689.0,No
CUS-10644,2021-01-09,55.0,Male,Gwangju,Premium,One-year,Card,No,67.0,47.5,3.0,2.0,7.4,521.0,No
CUS-10645,2023-02-10,33.0,Male,Busan,Basic,Monthly,Bank transfer,No,17.0,48.9,0.0,1.0,4.9,287.0,No
CUS-10646,2024-01-13,46.0,Female,Seoul,Standard,Monthly,Bank transfer,No,39.0,14.2,2.0,3.0,0.8,52.0,No
CUS-10647,2024-11-06,18.0,Male,Daegu,Premium,Monthly,Card,Yes,31.0,76.9,1.0,1.0,4.1,288.0,No
CUS-10648,2025-09-23,28.0,Male,Busan,Basic,Monthly,Card,Yes,57.0,68.2,1.0,2.0,2.8,230.0,No
CUS-10649,2022-08-04,55.0,Male,Busan,Standard,One-year,Card,No,37.0,54.8,2.0,0.0,7.5,490.0,No
CUS-10650,2023-01-02,41.0,Female,Seoul,Basic,One-year,Mobile pay,No,42.0,34.2,1.0,0.0,6.7,510.0,Yes
CUS-10651,2023-08-02,18.0,Male,Daejeon,Standard,One-year,Mobile pay,Yes,6.0,82.6,1.0,0.0,9.6,635.0,No
CUS-10652,2022-04-24,26.0,Male,Busan,Basic,Monthly,Virtual account,Yes,14.0,48.7,2.0,3.0,2.1,138.0,Yes
CUS-10653,2022-05-12,44.0,Male,Seoul,Standard,Monthly,Mobile pay,Yes,9.0,69.7,0.0,0.0,2.6,171.0,No
CUS-10654,2024-01-11,24.0,Female,Seoul,Standard,One-year,Bank transfer,Yes,9.0,46.6,2.0,1.0,2.0,149.0,No
CUS-10655,2022-06-28,46.0,Female,Seoul,Standard,Monthly,Card,Yes,17.0,93.0,2.0,0.0,2.9,184.0,Yes
CUS-10656,2021-11-25,45.0,Female,Busan,Standard,Monthly,Bank transfer,No,15.0,81.0,0.0,1.0,10.7,797.0,No
CUS-10657,2024-03-20,28.0,Female,Seoul,Basic,One-year,Card,No,27.0,54.3,0.0,4.0,4.6,371.0,Yes
CUS-10658,2024-04-25,40.0,Male,Seoul,Premium,One-year,Card,Yes,15.0,66.5,2.0,1.0,2.2,188.0,No
CUS-10659,2024-04-21,58.0,Female,,Basic,Monthly,Card,Yes,34.0,87.4,2.0,0.0,5.6,388.0,No
CUS-10660,2025-09-02,36.0,Female,,Premium,Monthly,Bank transfer,No,17.0,61.4,1.0,1.0,1.8,139.0,No
CUS-10661,2022-03-05,74.0,Male,Seoul,Standard,Monthly,Card,No,37.0,51.2,0.0,3.0,8.2,453.0,No
CUS-10662,2022-04-18,,Female,Busan,Standard,Two-year,Card,Yes,10.0,41.6,1.0,2.0,4.0,285.0,No
CUS-10663,2023-06-05,42.0,Male,,Standard,Two-year,Virtual account,Yes,58.0,52.1,0.0,1.0,11.4,814.0,No
CUS-10664,2025-04-05,18.0,Female,Daejeon,Premium,One-year,Bank transfer,No,61.0,35.8,2.0,2.0,3.9,236.0,No
CUS-10665,2022-08-22,26.0,,Gwangju,Standard,One-year,Card,Yes,22.0,66.6,3.0,1.0,7.4,639.0,Yes
CUS-10666,2022-07-31,42.0,Male,Busan,Basic,Monthly,Bank transfer,Yes,54.0,65.7,2.0,1.0,4.6,295.0,No
CUS-10667,2022-04-21,35.0,Female,Seoul,Standard,Two-year,Card,Yes,41.0,71.6,4.0,0.0,4.8,297.0,No
CUS-10668,2023-12-03,,,Daejeon,Premium,One-year,Bank transfer,No,40.0,74.5,2.0,0.0,11.3,880.0,No
CUS-10669,2022-11-28,33.0,Female,Daegu,Standard,Two-year,Mobile pay,Yes,70.0,77.1,1.0,1.0,2.5,195.0,No
CUS-10670,2023-06-01,29.0,Female,Seoul,Standard,Monthly,Bank transfer,Yes,60.0,60.1,4.0,1.0,7.2,463.0,No
CUS-10671,2025-03-10,42.0,Female,Seoul,Standard,Monthly,Bank transfer,Yes,3.0,48.3,1.0,0.0,3.8,302.0,No
CUS-10672,2023-06-16,32.0,Female,Seoul,Basic,Two-year,Card,Yes,62.0,64.9,2.0,1.0,7.7,495.0,No
CUS-10673,2025-08-05,38.0,Male,Daegu,Premium,Monthly,Mobile pay,Yes,66.0,55.7,2.0,2.0,6.8,538.0,No
CUS-10674,2023-06-15,41.0,Male,Busan,Standard,One-year,Bank transfer,No,20.0,38.0,1.0,2.0,4.0,302.0,No
CUS-10675,2024-12-16,24.0,Female,Daegu,Basic,Monthly,Virtual account,No,14.0,64.9,0.0,0.0,0.5,30.0,Yes
CUS-10676,2021-06-01,65.0,Female,Seoul,Standard,One-year,Mobile pay,Yes,29.0,69.5,0.0,0.0,5.7,376.0,No
CUS-10677,2025-04-18,39.0,Female,Busan,Standard,Monthly,Bank transfer,No,23.0,53.3,1.0,1.0,3.1,219.0,No
CUS-10678,2023-02-19,30.0,Male,Seoul,Basic,Two-year,Card,Yes,36.0,62.3,2.0,0.0,10.7,880.0,No
CUS-10679,2022-02-09,39.0,Male,Busan,Standard,Monthly,Bank transfer,No,64.0,39.2,1.0,0.0,,427.0,No
CUS-10680,2022-02-24,65.0,Female,Busan,Standard,Two-year,Mobile pay,Yes,22.0,69.3,2.0,2.0,6.0,518.0,No
CUS-10681,2025-08-24,45.0,Female,Daejeon,Basic,Two-year,Card,No,52.0,39.0,3.0,1.0,2.0,158.0,No
CUS-10682,2022-11-11,38.0,Male,Seoul,Basic,Two-year,Bank transfer,No,59.0,57.7,1.0,0.0,5.1,380.0,No
CUS-10683,2023-01-11,23.0,Male,Seoul,Premium,Two-year,Card,Yes,25.0,71.7,0.0,2.0,10.7,722.0,No
CUS-10684,2025-06-10,27.0,Female,Busan,Standard,One-year,Mobile pay,Yes,18.0,39.7,3.0,0.0,3.6,254.0,Yes
CUS-10685,2025-10-27,41.0,Female,Seoul,Standard,One-year,Card,Yes,68.0,,0.0,1.0,5.5,445.0,Yes
CUS-10686,2022-06-18,43.0,Male,Daejeon,Premium,One-year,Card,No,34.0,56.0,2.0,1.0,5.3,392.0,No
CUS-10687,2023-06-08,54.0,Female,Seoul,Premium,Two-year,Card,No,5.0,66.7,0.0,0.0,2.4,179.0,No
CUS-10688,2021-09-05,26.0,Male,Seoul,Standard,Monthly,Bank transfer,Yes,53.0,61.8,0.0,3.0,1.3,94.0,No
CUS-10689,2021-07-21,41.0,Male,Seoul,Premium,Monthly,Bank transfer,No,31.0,64.2,1.0,2.0,7.1,462.0,No
CUS-10690,2021-02-14,46.0,Male,Busan,Standard,Monthly,Bank transfer,No,23.0,55.4,3.0,0.0,1.8,125.0,No
CUS-10691,2025-10-14,41.0,Female,Seoul,Standard,Monthly,Bank transfer,Yes,21.0,18.1,2.0,0.0,4.2,330.0,No
CUS-10692,2021-01-19,30.0,Female,Seoul,Standard,Monthly,Card,Yes,21.0,31.5,3.0,1.0,15.7,880.0,No
CUS-10693,2023-07-01,43.0,Male,Daegu,Premium,One-year,Bank transfer,No,23.0,33.8,1.0,1.0,4.0,286.0,No
CUS-10694,2023-04-15,28.0,Male,Seoul,Standard,One-year,Bank transfer,Yes,55.0,57.8,0.0,0.0,1.7,142.0,No
CUS-10695,2023-01-05,54.0,Female,Gwangju,Standard,Monthly,Card,No,66.0,44.9,2.0,1.0,9.3,601.0,No
CUS-10696,2023-11-11,33.0,Female,Daegu,Standard,Monthly,Card,No,10.0,46.7,2.0,1.0,6.2,443.0,No
CUS-10697,2022-01-28,28.0,Female,Seoul,Standard,Monthly,Card,Yes,67.0,71.3,0.0,1.0,6.3,515.0,No
CUS-10698,2022-09-23,28.0,Male,Gwangju,Basic,Monthly,Mobile pay,Yes,72.0,36.9,1.0,1.0,3.5,221.0,No
CUS-10699,2024-11-28,37.0,Male,Seoul,Standard,One-year,Card,Yes,35.0,56.3,3.0,0.0,8.0,540.0,No
CUS-10700,2021-10-22,28.0,Female,Seoul,Standard,Monthly,Card,No,48.0,51.8,3.0,0.0,3.3,217.0,Yes
CUS-10701,2025-09-12,43.0,Female,Seoul,Basic,Two-year,Mobile pay,No,63.0,61.7,2.0,0.0,7.7,469.0,No
CUS-10702,2023-10-22,53.0,Male,Daejeon,Standard,Monthly,Mobile pay,No,65.0,46.6,3.0,1.0,5.1,286.0,Yes
CUS-10703,2021-03-31,42.0,Male,Busan,Basic,Monthly,Bank transfer,Yes,17.0,64.8,3.0,1.0,3.7,265.0,No
CUS-10704,2022-09-28,35.0,Male,Busan,Standard,Monthly,Card,Yes,37.0,77.2,0.0,1.0,9.1,634.0,No
CUS-10705,2022-12-28,34.0,Female,Daejeon,Standard,Monthly,Bank transfer,Yes,21.0,36.2,4.0,0.0,9.5,730.0,Yes
CUS-10706,2023-09-27,44.0,Female,Gwangju,Premium,Monthly,Mobile pay,Yes,68.0,79.8,2.0,0.0,3.4,226.0,No
CUS-10707,2021-09-02,43.0,Male,Daejeon,Basic,One-year,Card,Yes,55.0,51.8,3.0,0.0,2.6,191.0,No
CUS-10708,2022-04-07,32.0,Female,Seoul,Standard,One-year,Virtual account,Yes,51.0,68.5,1.0,1.0,3.9,304.0,No
CUS-10709,2022-05-27,51.0,Male,Busan,Premium,Monthly,Card,Yes,48.0,41.1,2.0,2.0,8.1,642.0,No
CUS-10710,2021-10-23,70.0,Male,Busan,Basic,Monthly,Mobile pay,Yes,52.0,37.4,2.0,0.0,8.1,678.0,No
CUS-10711,2025-09-05,41.0,Male,Seoul,Standard,Monthly,Virtual account,Yes,45.0,44.5,3.0,1.0,2.2,161.0,No
CUS-10712,2022-06-24,43.0,Female,Busan,,Monthly,Virtual account,Yes,3.0,55.4,3.0,1.0,2.1,129.0,No
CUS-10713,2025-04-14,36.0,Male,Daejeon,Premium,Monthly,Card,Yes,41.0,48.4,1.0,0.0,2.2,149.0,No
CUS-10714,2021-02-10,38.0,Female,Busan,Basic,One-year,Card,No,50.0,71.1,2.0,0.0,10.3,750.0,No
CUS-10715,2024-12-09,20.0,Female,Seoul,Standard,Monthly,Card,Yes,55.0,46.2,3.0,1.0,0.9,75.0,No
CUS-10716,2023-11-27,55.0,Male,Seoul,Standard,Monthly,Card,Yes,14.0,70.1,0.0,0.0,6.0,450.0,No
CUS-10717,2023-02-22,54.0,Male,Daegu,Standard,Monthly,Virtual account,Yes,38.0,49.7,0.0,1.0,5.5,376.0,No
CUS-10718,2024-08-11,57.0,Male,Busan,Premium,Two-year,Bank transfer,Yes,23.0,38.7,3.0,0.0,4.4,279.0,No
CUS-10719,2022-03-25,25.0,Male,Busan,Basic,One-year,Mobile pay,Yes,16.0,71.7,1.0,0.0,4.8,347.0,No
CUS-10720,2023-03-06,53.0,Female,Seoul,Basic,Two-year,Card,Yes,69.0,77.9,1.0,1.0,5.6,409.0,No
CUS-10721,2023-03-21,66.0,Female,Seoul,Basic,Monthly,Bank transfer,Yes,31.0,46.0,1.0,1.0,,369.0,No
CUS-10722,2023-11-23,53.0,Female,Daejeon,Standard,Monthly,Card,Yes,36.0,41.6,2.0,0.0,5.8,431.0,No
CUS-10723,2021-11-05,,Female,Daejeon,Standard,One-year,Virtual account,Yes,31.0,50.9,1.0,1.0,3.0,186.0,No
CUS-10724,2022-12-24,30.0,Male,Seoul,Premium,Monthly,Card,Yes,70.0,57.7,2.0,1.0,8.2,546.0,No
CUS-10725,2022-10-13,48.0,Male,Busan,Standard,One-year,Card,Yes,15.0,51.7,2.0,2.0,4.1,259.0,No
CUS-10726,2024-06-18,36.0,Female,Daejeon,Standard,Two-year,Card,Yes,63.0,35.6,1.0,2.0,2.3,172.0,No
CUS-10727,2023-04-22,34.0,Male,Seoul,Basic,Monthly,Card,No,52.0,49.3,0.0,1.0,0.8,56.0,No
CUS-10728,2024-10-07,35.0,Female,Daegu,Basic,One-year,Card,No,33.0,52.3,2.0,1.0,3.2,221.0,Yes
CUS-10729,2024-12-26,26.0,Male,Seoul,Standard,One-year,Card,Yes,46.0,70.8,4.0,1.0,7.3,594.0,No
CUS-10730,2025-07-18,30.0,Male,Busan,Basic,Monthly,Bank transfer,Yes,43.0,66.8,1.0,0.0,3.7,282.0,No
CUS-10731,2024-06-20,44.0,Male,Seoul,Standard,Monthly,Virtual account,No,7.0,107.0,2.0,0.0,5.5,302.0,No
CUS-10732,2024-09-29,39.0,Female,Gwangju,Basic,Monthly,Bank transfer,Yes,28.0,69.9,1.0,0.0,3.9,289.0,No
CUS-10733,2023-05-12,24.0,Female,Busan,Standard,Monthly,Mobile pay,Yes,67.0,30.4,2.0,0.0,12.3,880.0,No
CUS-10734,2025-02-22,48.0,Male,Gwangju,Premium,One-year,Card,Yes,71.0,32.2,2.0,1.0,5.3,399.0,No
CUS-10735,2021-07-03,36.0,Female,Seoul,Premium,One-year,Card,Yes,64.0,64.0,2.0,1.0,2.9,199.0,No
CUS-10736,2021-08-18,36.0,Male,Seoul,Basic,One-year,Card,No,43.0,50.5,1.0,4.0,14.5,880.0,No
CUS-10737,2022-03-25,30.0,Male,Seoul,Basic,Two-year,Mobile pay,No,36.0,53.6,2.0,0.0,5.3,388.0,No
CUS-10738,2024-10-18,32.0,Female,Seoul,Standard,One-year,Virtual account,No,53.0,46.9,1.0,0.0,2.9,197.0,No
CUS-10739,2022-05-31,39.0,Male,Busan,Standard,Monthly,Virtual account,No,3.0,29.6,3.0,1.0,2.2,129.0,No
CUS-10740,2022-08-02,22.0,Male,Seoul,Premium,Monthly,,Yes,53.0,69.1,4.0,0.0,3.6,263.0,No
CUS-10741,2021-04-08,46.0,Male,Busan,Basic,Two-year,Bank transfer,No,32.0,61.8,2.0,0.0,1.8,138.0,No
CUS-10742,2024-11-08,39.0,Male,Daejeon,Standard,Monthly,Card,Yes,7.0,45.2,3.0,2.0,2.8,189.0,No
CUS-10743,2021-03-13,31.0,Female,Seoul,Standard,Monthly,Virtual account,Yes,22.0,65.1,2.0,2.0,5.9,430.0,No
CUS-10744,2024-01-30,53.0,Male,Seoul,Basic,Monthly,Card,Yes,11.0,36.5,0.0,1.0,9.7,723.0,No
CUS-10745,2023-12-05,52.0,Female,Seoul,Basic,Two-year,Card,No,27.0,70.3,1.0,2.0,7.5,599.0,No
CUS-10746,2022-12-02,18.0,Male,Seoul,Standard,One-year,Mobile pay,No,43.0,40.1,0.0,1.0,3.5,271.0,No
CUS-10747,2022-08-05,38.0,Male,Daejeon,Basic,One-year,Virtual account,Yes,45.0,84.0,5.0,0.0,8.7,630.0,No
CUS-10748,2021-08-19,28.0,Female,Busan,Standard,One-year,Card,Yes,34.0,69.5,8.0,1.0,7.9,649.0,No
CUS-10749,2022-08-20,53.0,Female,Seoul,Standard,Monthly,Card,Yes,50.0,56.1,1.0,1.0,2.6,214.0,No
CUS-10750,2024-12-14,43.0,Male,Busan,Premium,One-year,Virtual account,Yes,9.0,16.9,2.0,1.0,6.6,428.0,No
CUS-10751,2021-09-15,69.0,Male,Daejeon,Standard,Monthly,Bank transfer,No,23.0,72.0,1.0,0.0,4.7,348.0,No
CUS-10752,2022-11-25,41.0,Female,Seoul,Standard,Monthly,Virtual account,Yes,54.0,81.8,4.0,0.0,8.9,443.0,No
CUS-10753,2024-04-08,54.0,Male,Seoul,Premium,Two-year,Mobile pay,No,17.0,92.6,4.0,0.0,5.0,353.0,No
CUS-10754,2024-08-01,50.0,Male,Busan,Standard,Monthly,Mobile pay,Yes,42.0,55.1,0.0,2.0,5.3,370.0,No
CUS-10755,2023-02-15,54.0,Male,Daegu,Basic,Monthly,Mobile pay,Yes,55.0,68.7,1.0,1.0,13.5,880.0,No
CUS-10756,2023-01-13,35.0,Male,Gwangju,Premium,One-year,Bank transfer,Yes,39.0,30.6,2.0,0.0,3.0,195.0,No
CUS-10757,2024-08-23,28.0,Male,Daejeon,Standard,Monthly,Virtual account,Yes,2.0,46.3,2.0,0.0,2.7,183.0,Yes
CUS-10758,2021-01-22,,Female,Daegu,Premium,Monthly,Card,Yes,1.0,77.2,1.0,0.0,4.7,338.0,No
CUS-10759,2025-10-22,29.0,Female,Busan,Premium,Monthly,Bank transfer,Yes,49.0,73.2,0.0,1.0,9.1,523.0,No
CUS-10760,2023-03-05,54.0,Male,Seoul,Standard,Monthly,Mobile pay,No,68.0,14.2,2.0,1.0,9.2,666.0,Yes
CUS-10761,2024-05-13,44.0,Female,Gwangju,Standard,One-year,Bank transfer,Yes,9.0,45.3,4.0,3.0,1.9,138.0,No
CUS-10762,2025-11-05,46.0,Male,Seoul,Basic,Monthly,Mobile pay,Yes,5.0,61.5,0.0,0.0,3.5,251.0,No
CUS-10763,2022-02-19,46.0,Male,Busan,Basic,One-year,Card,No,13.0,74.3,4.0,2.0,4.0,305.0,Yes
CUS-10764,2023-10-26,25.0,Female,Daejeon,Standard,Monthly,Mobile pay,Yes,10.0,29.6,3.0,0.0,7.6,613.0,No
CUS-10765,2024-10-16,42.0,Male,Seoul,Basic,Monthly,Mobile pay,Yes,42.0,59.4,2.0,2.0,4.7,409.0,Yes
CUS-10766,2025-09-24,42.0,Female,Daejeon,Basic,Monthly,Bank transfer,No,70.0,49.8,2.0,0.0,2.3,151.0,No
CUS-10767,2024-09-11,43.0,Female,Daejeon,Standard,Two-year,Mobile pay,Yes,28.0,38.2,2.0,0.0,6.9,557.0,No
CUS-10768,2023-05-02,37.0,Male,Seoul,Basic,Monthly,Mobile pay,Yes,56.0,78.4,3.0,1.0,7.1,529.0,No
CUS-10769,2023-06-07,64.0,Female,Seoul,Standard,Two-year,Card,No,51.0,60.7,0.0,1.0,6.2,449.0,No
CUS-10770,2025-03-10,34.0,Female,Gwangju,Basic,Two-year,Card,No,35.0,49.3,1.0,2.0,2.0,159.0,No
CUS-10771,2024-12-20,21.0,Male,Daegu,Standard,Monthly,Mobile pay,No,19.0,116.1,1.0,1.0,8.8,769.0,Yes
CUS-10772,2024-02-23,49.0,Male,Daejeon,Basic,Monthly,Card,No,26.0,77.4,3.0,0.0,5.7,348.0,No
CUS-10773,2021-05-20,34.0,Male,Busan,Basic,Monthly,Card,No,24.0,70.3,0.0,0.0,4.2,333.0,No
CUS-10774,2021-07-22,45.0,Male,Seoul,Standard,One-year,Card,Yes,1.0,93.7,4.0,0.0,6.3,468.0,No
CUS-10775,2024-04-21,28.0,Female,Daejeon,Standard,One-year,Card,Yes,70.0,82.2,2.0,0.0,5.6,444.0,No
CUS-10776,2022-05-11,30.0,Male,Daejeon,Standard,One-year,Virtual account,No,9.0,27.0,0.0,0.0,3.1,231.0,No
CUS-10777,2025-03-09,30.0,Female,Busan,Premium,One-year,Card,Yes,59.0,55.3,2.0,1.0,5.3,371.0,No
CUS-10778,2024-05-30,48.0,Female,Seoul,Standard,Monthly,Card,Yes,14.0,21.3,2.0,1.0,5.3,427.0,No
CUS-10779,2024-04-01,47.0,Female,Daegu,Basic,Two-year,Bank transfer,Yes,4.0,12.0,3.0,2.0,4.1,263.0,No
CUS-10780,2021-06-03,,Male,Daejeon,Standard,One-year,Card,No,38.0,91.3,1.0,1.0,2.8,180.0,No
CUS-10781,2025-09-30,35.0,Male,Seoul,Standard,Monthly,Mobile pay,No,15.0,60.8,2.0,0.0,5.3,371.0,No
CUS-10782,2023-12-18,34.0,Male,Daegu,Standard,One-year,Card,No,35.0,70.7,1.0,2.0,7.2,626.0,No
CUS-10783,2021-07-03,29.0,Male,Busan,Basic,Two-year,Mobile pay,No,72.0,52.0,3.0,1.0,1.0,66.0,Yes
CUS-10784,2021-05-07,57.0,Male,Seoul,Basic,Monthly,Card,No,37.0,97.0,4.0,1.0,3.8,344.0,Yes
CUS-10785,2024-03-05,52.0,Female,Busan,Standard,Monthly,Card,No,72.0,29.5,0.0,0.0,0.7,50.0,No
CUS-10786,2021-06-16,32.0,Male,Seoul,Standard,One-year,Card,Yes,30.0,,3.0,1.0,3.8,235.0,No
CUS-10787,2022-11-10,40.0,Female,Seoul,Basic,One-year,Bank transfer,No,65.0,50.2,2.0,1.0,5.1,359.0,No
CUS-10788,2023-03-23,65.0,Female,Daejeon,Basic,One-year,Virtual account,No,53.0,65.1,2.0,0.0,8.8,619.0,Yes
CUS-10789,2024-11-16,52.0,Female,Seoul,Basic,One-year,Virtual account,Yes,34.0,26.3,2.0,1.0,8.9,747.0,No
CUS-10790,2023-12-11,20.0,Male,Seoul,Premium,Monthly,Card,Yes,6.0,87.6,4.0,0.0,3.4,190.0,No
CUS-10791,2022-06-05,36.0,Female,Seoul,Standard,One-year,Bank transfer,No,42.0,92.4,1.0,0.0,6.8,511.0,No
CUS-10792,2022-08-15,36.0,Female,Gwangju,Basic,One-year,Card,No,18.0,52.0,1.0,0.0,9.0,565.0,Yes
CUS-10793,2023-06-16,48.0,Male,Busan,Basic,One-year,Bank transfer,Yes,48.0,71.3,3.0,1.0,3.0,241.0,No
CUS-10794,2025-12-12,42.0,Male,Daegu,Basic,One-year,Card,Yes,60.0,,2.0,0.0,2.2,162.0,Yes
CUS-10795,2024-12-02,38.0,Female,Busan,Standard,One-year,Card,No,31.0,80.4,1.0,0.0,5.9,445.0,No
CUS-10796,2024-12-03,58.0,Male,Daejeon,Standard,Monthly,Card,Yes,34.0,36.2,0.0,2.0,8.9,658.0,No
CUS-10797,2025-11-12,26.0,Male,Daegu,Premium,Monthly,Card,Yes,23.0,53.7,1.0,2.0,3.4,250.0,No
CUS-10798,2021-12-01,26.0,Female,Seoul,Basic,Monthly,Card,Yes,1.0,55.6,4.0,0.0,5.5,513.0,No
CUS-10799,2024-02-05,52.0,Male,Seoul,Premium,One-year,Mobile pay,Yes,26.0,68.3,5.0,1.0,6.0,2600.0,No
CUS-10800,2022-04-24,56.0,Female,Seoul,Standard,Monthly,Mobile pay,No,72.0,79.8,2.0,2.0,0.9,68.0,No
CUS-10801,2023-09-09,50.0,Male,Gwangju,Premium,Two-year,Mobile pay,No,66.0,41.6,1.0,1.0,2.5,183.0,No
CUS-10802,2023-04-04,44.0,Male,Seoul,Basic,One-year,Card,Yes,25.0,40.5,1.0,0.0,2.1,154.0,No
CUS-10803,2021-12-23,50.0,Male,Seoul,Standard,Monthly,Card,No,44.0,56.4,1.0,2.0,8.5,626.0,No
CUS-10804,2022-08-31,40.0,Female,Seoul,Premium,Monthly,Virtual account,Yes,68.0,68.4,4.0,0.0,5.3,369.0,No
CUS-10805,2021-10-01,42.0,Female,Busan,Basic,One-year,Card,No,65.0,64.1,1.0,1.0,12.4,829.0,No
CUS-10806,2022-12-27,46.0,Male,Busan,Premium,One-year,Bank transfer,No,63.0,30.5,0.0,0.0,4.0,308.0,No
CUS-10807,2023-06-23,46.0,Female,Daejeon,,Monthly,Virtual account,Yes,66.0,74.8,2.0,0.0,7.2,427.0,No
CUS-10808,2023-09-20,41.0,Male,Seoul,Standard,Monthly,Virtual account,No,30.0,70.8,4.0,0.0,8.6,580.0,Yes
CUS-10809,2022-05-19,39.0,Female,Daejeon,Standard,Two-year,Bank transfer,Yes,50.0,51.1,1.0,0.0,3.9,267.0,No
CUS-10810,2025-04-08,61.0,,Seoul,Standard,Two-year,Virtual account,Yes,54.0,35.1,1.0,1.0,11.9,843.0,No
CUS-10811,2023-07-26,39.0,Female,,Standard,Monthly,Card,No,16.0,33.9,4.0,2.0,,115.0,No
CUS-10812,2021-01-07,50.0,Female,Busan,Standard,One-year,Card,No,32.0,50.0,2.0,1.0,0.8,59.0,No
CUS-10813,2022-10-19,44.0,Male,Daegu,Standard,Monthly,Mobile pay,Yes,60.0,55.0,0.0,2.0,2.9,178.0,No
CUS-10814,2023-12-29,35.0,Female,Seoul,Standard,Monthly,Bank transfer,No,54.0,64.9,1.0,1.0,2.1,103.0,No
CUS-10815,2025-08-28,41.0,Female,Busan,Standard,Monthly,Bank transfer,Yes,70.0,69.0,5.0,0.0,5.5,400.0,No
CUS-10816,2022-06-18,37.0,Male,Daejeon,Standard,Two-year,Mobile pay,No,66.0,63.9,4.0,3.0,3.8,266.0,No
CUS-10817,2023-02-08,20.0,Female,Gwangju,Basic,Monthly,Mobile pay,No,16.0,53.4,2.0,0.0,2.1,151.0,No
CUS-10818,2025-07-20,53.0,Female,Seoul,Standard,Two-year,Card,No,50.0,39.1,3.0,0.0,4.8,320.0,No
CUS-10819,2022-06-04,31.0,Male,Daejeon,Standard,One-year,Card,Yes,57.0,99.9,3.0,1.0,2.1,163.0,No
CUS-10820,2024-11-15,42.0,Male,Daegu,Basic,Monthly,Bank transfer,No,16.0,46.0,1.0,0.0,5.2,379.0,No
CUS-10821,2024-04-01,57.0,Female,Busan,Basic,One-year,Card,Yes,6.0,87.6,2.0,1.0,1.6,108.0,No
CUS-10822,2024-08-28,18.0,Male,Daejeon,Standard,Monthly,Card,No,39.0,75.5,3.0,0.0,5.8,445.0,No
CUS-10823,2023-09-28,35.0,Female,Daegu,Premium,One-year,Card,No,6.0,23.5,1.0,0.0,3.8,253.0,No
CUS-10824,2021-05-02,43.0,Male,Seoul,Basic,Monthly,Card,No,9.0,38.7,1.0,1.0,7.9,505.0,Yes
CUS-10825,2024-07-13,44.0,Female,Busan,Basic,Monthly,Card,No,37.0,,2.0,2.0,3.6,277.0,No
CUS-10826,2021-05-01,39.0,Male,Seoul,Standard,Monthly,Card,No,70.0,,1.0,2.0,6.8,504.0,No
CUS-10827,2022-09-21,37.0,Male,Daejeon,Premium,Two-year,Card,No,37.0,70.0,4.0,0.0,7.9,672.0,No
CUS-10828,2021-12-31,31.0,Male,Seoul,Premium,Monthly,Card,Yes,28.0,65.4,2.0,1.0,5.9,389.0,No
CUS-10829,2025-04-29,48.0,Male,Busan,Basic,One-year,Card,Yes,15.0,41.9,2.0,2.0,8.3,533.0,No
CUS-10830,2021-11-19,73.0,Female,Busan,Standard,One-year,Bank transfer,Yes,65.0,55.6,0.0,2.0,2.9,232.0,No
CUS-10831,2023-07-11,47.0,Male,Daejeon,Basic,Monthly,Bank transfer,Yes,14.0,54.3,1.0,1.0,11.5,880.0,No
CUS-10832,2022-11-21,55.0,Male,Seoul,Standard,One-year,Virtual account,Yes,53.0,67.3,1.0,2.0,4.9,353.0,No
CUS-10833,2025-04-25,18.0,Female,Busan,Standard,Monthly,Mobile pay,No,40.0,50.6,2.0,1.0,3.8,220.0,No
CUS-10834,2025-11-25,49.0,Male,Daejeon,Standard,Monthly,Virtual account,No,55.0,45.1,0.0,1.0,0.8,57.0,No
CUS-10835,2021-07-07,64.0,Male,Busan,Basic,Two-year,Bank transfer,Yes,69.0,57.2,4.0,0.0,5.3,333.0,No
CUS-10836,2023-01-02,49.0,Male,Busan,Standard,One-year,Card,Yes,18.0,58.5,1.0,0.0,3.7,247.0,No
CUS-10837,2024-03-29,60.0,Male,Busan,Basic,Monthly,Mobile pay,Yes,47.0,53.9,1.0,1.0,1.3,82.0,No
CUS-10838,2023-09-12,57.0,,Seoul,Standard,Monthly,Card,Yes,68.0,55.4,1.0,1.0,1.9,146.0,No
CUS-10839,2024-07-13,53.0,Female,Seoul,Basic,One-year,Card,Yes,25.0,61.7,1.0,1.0,8.6,548.0,No
CUS-10840,2023-08-14,38.0,,Seoul,Basic,Monthly,Card,No,48.0,37.0,1.0,1.0,8.3,668.0,No
CUS-10841,2022-12-17,47.0,Female,Seoul,Standard,Monthly,Mobile pay,Yes,68.0,47.2,0.0,1.0,1.1,68.0,No
CUS-10842,2024-07-18,50.0,Male,Busan,Standard,Two-year,Bank transfer,Yes,67.0,33.8,2.0,0.0,5.9,490.0,No
CUS-10843,2024-11-12,18.0,Male,Daegu,Standard,Monthly,Card,No,62.0,64.4,4.0,0.0,4.3,275.0,Yes
CUS-10844,2023-12-10,47.0,Female,Busan,Premium,Monthly,Mobile pay,Yes,43.0,59.3,2.0,1.0,7.3,605.0,No
CUS-10845,2023-03-15,51.0,Male,Seoul,Standard,One-year,Card,No,54.0,,0.0,1.0,3.5,219.0,No
CUS-10846,,36.0,Male,Busan,Basic,Monthly,Bank transfer,Yes,58.0,87.2,1.0,1.0,1.5,81.0,No
CUS-10847,2024-09-26,43.0,Female,Seoul,Standard,One-year,Card,Yes,66.0,78.8,3.0,0.0,7.7,519.0,No
CUS-10848,2024-04-18,20.0,Female,Seoul,Basic,One-year,Mobile pay,No,34.0,44.4,5.0,0.0,2.7,210.0,No
CUS-10849,2022-09-01,40.0,Female,Busan,Standard,Two-year,Card,Yes,20.0,38.8,3.0,1.0,10.2,779.0,No
CUS-10850,2022-10-26,47.0,Male,Gwangju,Basic,One-year,Card,No,72.0,52.0,2.0,1.0,5.1,417.0,No
CUS-10851,2021-09-16,36.0,Female,Daegu,Premium,Monthly,Bank transfer,Yes,44.0,41.6,0.0,3.0,2.5,175.0,No
CUS-10852,2021-07-04,38.0,Male,Seoul,Standard,Monthly,Bank transfer,Yes,71.0,55.2,1.0,0.0,2.5,201.0,No
CUS-10853,2025-01-12,47.0,Female,,Basic,Monthly,Virtual account,No,25.0,45.0,3.0,1.0,12.9,880.0,No
CUS-10854,2022-12-17,36.0,Female,Busan,Premium,Monthly,Bank transfer,No,6.0,54.3,1.0,1.0,0.5,37.0,No
CUS-10855,2025-10-17,52.0,Female,Seoul,Basic,Monthly,,Yes,26.0,58.5,0.0,1.0,5.7,495.0,No
CUS-10856,2023-10-18,30.0,Female,Gwangju,Premium,Monthly,Card,No,60.0,47.8,1.0,0.0,2.0,164.0,No
CUS-10857,2023-06-01,40.0,Male,Gwangju,Premium,One-year,Mobile pay,No,45.0,78.0,3.0,0.0,2.0,132.0,No
CUS-10858,2022-11-23,41.0,Female,Daejeon,Basic,One-year,Bank transfer,Yes,27.0,39.1,4.0,1.0,8.0,558.0,Yes
CUS-10859,2022-01-14,18.0,Male,Seoul,Standard,Monthly,Bank transfer,Yes,39.0,57.5,2.0,1.0,9.7,619.0,No
CUS-10860,2024-06-07,43.0,Male,Busan,Premium,Monthly,Card,No,50.0,22.3,1.0,1.0,2.2,188.0,No
CUS-10861,2022-09-26,56.0,Male,Daejeon,Basic,Monthly,Card,Yes,37.0,37.9,2.0,1.0,10.0,744.0,No
CUS-10862,2022-01-04,,Female,Gwangju,Basic,Monthly,Bank transfer,No,66.0,68.5,2.0,1.0,9.1,616.0,No
CUS-10863,2023-11-07,33.0,Female,Daejeon,Premium,Monthly,Mobile pay,No,54.0,57.2,5.0,0.0,1.9,142.0,No
CUS-10864,2021-03-24,39.0,Male,Daejeon,Premium,One-year,Card,Yes,56.0,35.5,0.0,1.0,3.1,221.0,No
CUS-10865,2025-01-03,36.0,Male,Gwangju,,One-year,Bank transfer,No,65.0,68.7,2.0,0.0,7.1,553.0,No
CUS-10866,2021-10-28,22.0,Female,Busan,Premium,Monthly,Bank transfer,Yes,31.0,44.7,1.0,0.0,3.0,253.0,Yes
CUS-10867,2021-03-24,33.0,Male,Busan,Standard,Monthly,Virtual account,Yes,40.0,71.4,1.0,0.0,6.5,411.0,No
CUS-10868,2022-06-18,62.0,Female,Seoul,Premium,One-year,Card,Yes,10.0,32.3,1.0,0.0,1.0,74.0,No
CUS-10869,2021-03-13,39.0,Male,Seoul,Standard,Two-year,Card,Yes,51.0,70.1,0.0,1.0,8.8,498.0,No
CUS-10870,2024-08-06,37.0,Male,Seoul,Standard,Monthly,Card,No,4.0,75.0,1.0,1.0,4.3,283.0,Yes
CUS-10871,2021-10-10,40.0,Male,Gwangju,Standard,One-year,Mobile pay,No,33.0,98.6,3.0,1.0,8.7,680.0,No
CUS-10872,2022-02-10,18.0,Female,Daejeon,Standard,Two-year,Card,Yes,21.0,77.2,1.0,0.0,6.7,473.0,No
CUS-10873,2022-08-25,24.0,Male,Seoul,Basic,Two-year,Card,Yes,45.0,66.8,5.0,1.0,11.8,810.0,No
CUS-10874,2024-11-19,44.0,Male,Gwangju,Standard,Monthly,Bank transfer,Yes,69.0,72.3,4.0,1.0,3.4,257.0,Yes
CUS-10875,2021-01-02,41.0,Female,Busan,Standard,Monthly,Mobile pay,Yes,13.0,60.0,1.0,1.0,3.2,194.0,No
CUS-10876,2022-06-15,18.0,Male,Gwangju,Standard,Two-year,Card,No,29.0,36.1,1.0,0.0,3.0,264.0,No
CUS-10877,2021-02-04,61.0,Male,Busan,Basic,Two-year,Card,No,26.0,64.0,1.0,0.0,6.0,438.0,No
CUS-10878,2022-03-08,47.0,Male,Gwangju,Basic,Monthly,Bank transfer,No,29.0,31.0,1.0,2.0,2.5,2100.0,No
CUS-10879,2022-12-30,31.0,Male,Seoul,Premium,Monthly,Bank transfer,Yes,38.0,26.0,3.0,0.0,,343.0,No
CUS-10880,2025-05-09,18.0,Male,Seoul,Premium,Monthly,Mobile pay,Yes,27.0,53.0,0.0,0.0,4.9,311.0,No
CUS-10881,2024-01-26,56.0,Female,Busan,Standard,Monthly,Card,Yes,6.0,56.0,3.0,2.0,15.0,880.0,No
CUS-10882,2022-03-12,37.0,Male,Busan,Basic,Monthly,Card,No,65.0,33.5,2.0,2.0,2.9,226.0,Yes
CUS-10883,2024-05-01,39.0,Male,Seoul,Standard,Monthly,Mobile pay,No,43.0,53.0,1.0,3.0,0.8,58.0,Yes
CUS-10884,2023-04-01,45.0,Male,Seoul,Basic,Monthly,Virtual account,Yes,7.0,56.3,0.0,0.0,13.6,880.0,No
CUS-10885,2025-05-23,32.0,Female,Daegu,Basic,Monthly,Card,No,6.0,12.0,2.0,2.0,2.5,196.0,No
CUS-10886,2024-02-28,61.0,Female,Seoul,Standard,Two-year,Virtual account,Yes,8.0,39.9,1.0,1.0,3.3,250.0,No
CUS-10887,2025-05-19,29.0,Female,Seoul,Premium,Monthly,Card,Yes,47.0,62.0,0.0,1.0,,259.0,No
CUS-10888,2022-12-30,44.0,Male,Busan,Premium,Monthly,Bank transfer,Yes,62.0,51.1,3.0,0.0,7.7,628.0,No
CUS-10889,2024-12-05,50.0,Male,Busan,Basic,Monthly,Card,Yes,22.0,85.8,2.0,0.0,10.5,877.0,No
CUS-10890,2024-04-12,32.0,Male,Daejeon,Basic,Two-year,Card,Yes,12.0,60.2,1.0,0.0,4.7,346.0,Yes
CUS-10891,2024-04-02,32.0,Female,Daegu,Standard,Monthly,Card,No,68.0,54.8,0.0,3.0,0.7,40.0,No
CUS-10892,2023-06-30,35.0,Male,Daejeon,Standard,Two-year,Card,No,18.0,43.9,0.0,2.0,16.6,880.0,No
CUS-10893,2023-02-27,48.0,Male,Gwangju,Basic,Monthly,Bank transfer,No,20.0,96.4,2.0,0.0,6.8,492.0,Yes
CUS-10894,2025-04-23,29.0,Female,Daegu,Premium,Monthly,Bank transfer,No,23.0,71.9,2.0,0.0,4.5,307.0,No
CUS-10895,2022-04-06,37.0,Male,Seoul,Basic,Monthly,Card,Yes,18.0,59.0,1.0,0.0,2.5,165.0,No
CUS-10896,2025-06-21,28.0,Male,Gwangju,Standard,One-year,Virtual account,Yes,36.0,,3.0,0.0,13.3,786.0,No
CUS-10897,2024-06-22,21.0,Male,Daejeon,Basic,One-year,Bank transfer,No,21.0,77.9,2.0,0.0,2.0,145.0,No
CUS-10898,2022-07-15,51.0,Female,Seoul,Premium,Monthly,Card,Yes,7.0,70.1,2.0,0.0,6.9,500.0,Yes
CUS-10899,2021-01-26,19.0,Male,Seoul,Standard,Two-year,Card,No,53.0,59.8,3.0,1.0,8.2,521.0,No
CUS-10900,2023-08-01,31.0,Male,Gwangju,Basic,One-year,Bank transfer,Yes,14.0,48.6,4.0,0.0,0.6,40.0,No
CUS-10901,2025-06-17,37.0,Male,Seoul,Standard,Monthly,Card,Yes,67.0,83.0,2.0,1.0,3.4,217.0,No
CUS-10902,2024-06-14,64.0,Male,Seoul,Premium,Monthly,Card,Yes,49.0,67.7,0.0,0.0,5.7,410.0,No
CUS-10903,2022-04-12,42.0,Female,Seoul,Standard,Monthly,Bank transfer,Yes,38.0,36.1,5.0,0.0,4.9,308.0,No
CUS-10904,2025-10-13,33.0,Female,Daejeon,Basic,Monthly,Mobile pay,Yes,38.0,50.2,1.0,1.0,7.1,485.0,No
CUS-10905,2022-07-05,23.0,Female,Gwangju,Standard,Monthly,Bank transfer,Yes,13.0,97.2,1.0,1.0,3.3,228.0,No
CUS-10906,2021-01-02,46.0,Female,Daejeon,Basic,One-year,Card,Yes,24.0,103.2,5.0,0.0,5.0,295.0,No
CUS-10907,2022-12-26,45.0,Female,Busan,Premium,Monthly,Mobile pay,No,6.0,47.2,0.0,0.0,4.4,262.0,No
CUS-10908,2022-06-19,35.0,Female,Daegu,Standard,One-year,Card,Yes,51.0,62.7,0.0,3.0,5.2,404.0,No
CUS-10909,2021-03-03,21.0,Male,Daejeon,Basic,One-year,Mobile pay,Yes,41.0,41.3,2.0,1.0,4.6,301.0,No
CUS-10910,2022-04-06,38.0,Male,Daegu,Standard,Monthly,Card,Yes,23.0,33.0,3.0,1.0,19.9,880.0,No
CUS-10911,2022-12-22,54.0,Male,Seoul,Standard,Monthly,Virtual account,Yes,53.0,46.2,2.0,0.0,6.5,478.0,No
CUS-10912,2024-09-30,55.0,Female,Daegu,Standard,Monthly,Card,No,36.0,18.9,3.0,0.0,15.6,880.0,No
CUS-10913,2024-12-09,63.0,Female,Daejeon,Standard,One-year,Mobile pay,Yes,6.0,82.8,3.0,4.0,2.0,167.0,Yes
CUS-10914,2022-04-11,32.0,Female,Seoul,Premium,Monthly,Card,No,53.0,52.3,1.0,0.0,5.1,379.0,No
CUS-10915,2024-12-09,26.0,Female,Daegu,,Monthly,Bank transfer,No,19.0,78.7,1.0,0.0,5.3,388.0,No
CUS-10916,2024-07-23,44.0,Male,Busan,Standard,Monthly,Virtual account,Yes,40.0,84.8,4.0,0.0,6.3,386.0,No
CUS-10917,2025-10-31,,Female,Seoul,Standard,One-year,Mobile pay,No,50.0,81.4,3.0,2.0,2.6,202.0,No
CUS-10918,2023-06-02,46.0,Male,Busan,Basic,Monthly,Card,Yes,29.0,29.2,1.0,0.0,,50.0,No
CUS-10919,2024-11-18,38.0,Female,Daegu,Basic,One-year,Bank transfer,No,47.0,58.6,1.0,1.0,2.0,129.0,No
CUS-10920,2022-02-24,60.0,Male,Gwangju,Premium,Monthly,Card,Yes,64.0,43.2,1.0,0.0,6.3,401.0,No
CUS-10320,2021-06-12,24.0,Male,Seoul,Standard,Monthly,Mobile pay,Yes,24.0,70.0,3.0,1.0,6.8,508.0,Yes
CUS-10378,2021-09-03,18.0,Male,Daejeon,Basic,Two-year,Bank transfer,Yes,39.0,59.2,0.0,0.0,3.5,284.0,No
CUS-10539,2025-06-10,41.0,Female,Daegu,Standard,One-year,Bank transfer,Yes,50.0,67.9,2.0,1.0,7.6,440.0,No
CUS-10297,2022-02-25,52.0,Male,Gwangju,Basic,Monthly,Mobile pay,Yes,19.0,61.2,2.0,1.0,5.8,372.0,No
CUS-10532,2024-03-07,42.0,Male,Daegu,Standard,Monthly,Card,No,24.0,66.0,2.0,0.0,1.9,119.0,No
CUS-10071,2021-08-11,29.0,Male,Gwangju,Premium,One-year,Bank transfer,No,25.0,69.3,2.0,1.0,3.7,259.0,No
CUS-10494,2021-03-05,36.0,Male,Seoul,Premium,One-year,Card,No,53.0,40.8,1.0,1.0,4.2,319.0,No
CUS-10665,2022-08-22,26.0,,Gwangju,Standard,One-year,Card,Yes,22.0,66.6,3.0,1.0,7.4,639.0,Yes
