customer_id,age,gender,region,plan_type,contract_type,payment_method,signup_date,tenure_months,monthly_fee,support_calls,late_payments,avg_weekly_hours,auto_payment,churn
C100133,24.0,Male,Seoul,Basic,Monthly,Virtual account,2025-03-30,9.0,15.3,3.0,0.0,6.7,No,0
C100325,47.0,Male,Gwangju,Basic,Monthly,Virtual account,2024-08-29,16.0,26.4,3.0,0.0,2.2,No,1
C100027,53.0,Female,Daegu,Premium,One-year,Card,2025-11-04,1.0,79.3,1.0,2.0,6.8,No,0
C100079,22.0,Female,Busan,Premium,Two-year,Virtual account,2025-12-15,1.0,70.2,1.0,0.0,3.7,Yes,0
C100355,23.0,Female,Daejeon,Basic,Monthly,Card,2023-10-26,26.0,25.7,1.0,1.0,2.0,No,0
C100318,25.0,Male,Busan,Basic,Monthly,Card,2024-03-19,21.0,26.8,3.0,1.0,1.2,Yes,1
C100047,34.0,Female,Gwangju,Basic,Monthly,Mobile,2022-11-27,37.0,23.4,1.0,0.0,6.0,Yes,0
C100499,42.0,Female,Daegu,Premium,Monthly,Bank transfer,2023-12-10,24.0,84.4,1.0,0.0,8.5,Yes,0
C100295,34.0,Male,Seoul,Standard,Monthly,Card,2022-02-02,46.0,49.7,2.0,0.0,10.4,Yes,0
C100372,30.0,Female,Seoul,Premium,Monthly,Mobile,2024-12-20,12.0,76.5,0.0,0.0,3.7,No,0
C100183,66.0,Female,Daegu,Premium,Monthly,Virtual account,2025-12-26,1.0,91.8,3.0,1.0,1.7,Yes,0
C100433,40.0,Female,Daejeon,Basic,Monthly,Mobile,2024-05-20,19.0,,1.0,0.0,4.6,Yes,0
C100329,44.0,Male,Daejeon,Basic,Monthly,Mobile,2022-01-31,47.0,21.1,2.0,0.0,5.7,Yes,0
C100563,33.0,Female,Seoul,Standard,Monthly,Card,2022-02-28,46.0,42.5,2.0,1.0,7.7,Yes,0
C100567,44.0,Female,Seoul,Standard,Monthly,Bank transfer,2022-10-10,38.0,50.0,2.0,2.0,2.3,No,0
C100115,30.0,Male,Busan,Premium,Monthly,Mobile,2022-11-21,37.0,72.5,1.0,1.0,10.8,Yes,0
C100209,36.0,Male,Daejeon,Premium,Two-year,Mobile,2023-07-02,30.0,77.4,0.0,0.0,4.9,Yes,0
C100235,29.0,Female,Seoul,Basic,One-year,Card,2024-05-18,19.0,29.9,3.0,0.0,2.3,No,0
C100596,42.0,Female,Seoul,Standard,Two-year,Bank transfer,2023-03-29,33.0,44.9,1.0,0.0,2.1,Yes,0
C100541,32.0,Male,Busan,Basic,One-year,Bank transfer,2024-06-13,18.0,28.7,0.0,0.0,3.1,Yes,0
C100232,68.0,Female,Gwangju,Premium,Two-year,Card,2024-11-30,13.0,72.8,1.0,1.0,5.9,Yes,0
C100262,33.0,Female,Busan,Premium,One-year,Mobile,2025-07-01,6.0,73.9,1.0,0.0,13.9,Yes,0
C100121,56.0,Female,Daegu,Basic,Monthly,Card,2023-12-26,24.0,31.4,2.0,0.0,9.2,No,1
C100403,35.0,Male,Gwangju,Standard,Monthly,Bank transfer,2023-08-30,28.0,46.8,0.0,1.0,1.4,No,0
C100191,46.0,Female,Busan,Standard,Two-year,Mobile,2022-03-04,45.0,50.5,1.0,0.0,0.6,Yes,0
C100248,50.0,Female,Seoul,Premium,Monthly,Virtual account,2023-02-07,34.0,83.3,1.0,0.0,3.7,No,0
C100258,36.0,Female,Seoul,Basic,Monthly,Mobile,2025-03-25,9.0,30.8,1.0,0.0,4.2,Yes,0
C100048,39.0,Female,Seoul,Standard,Monthly,Card,2022-01-10,47.0,45.1,0.0,0.0,2.4,No,0
C100008,19.0,Male,Busan,Basic,One-year,Mobile,2023-01-08,35.0,25.7,2.0,2.0,0.8,Yes,0
C100366,19.0,Male,Daegu,Standard,Two-year,Bank transfer,2022-01-31,47.0,38.5,1.0,1.0,2.6,Yes,0
C100525,46.0,Female,Daegu,Standard,One-year,Card,2023-02-23,34.0,41.7,2.0,0.0,6.8,Yes,0
C100555,30.0,Female,Busan,Basic,Monthly,Card,2022-12-28,36.0,16.8,2.0,1.0,2.4,Yes,0
C100308,43.0,Male,Daejeon,Standard,Monthly,Bank transfer,2023-06-03,30.0,46.4,1.0,0.0,3.5,Yes,1
C100211,29.0,Male,Gwangju,Basic,Monthly,Card,2022-07-16,41.0,25.3,2.0,0.0,3.6,Yes,0
C100549,43.0,Male,Seoul,Basic,One-year,Bank transfer,2023-09-26,27.0,19.9,4.0,0.0,2.9,Yes,0
C100203,40.0,Male,Seoul,Standard,One-year,Bank transfer,2023-08-24,28.0,47.1,1.0,1.0,0.2,No,1
C100244,43.0,Female,,Standard,Monthly,Mobile,2023-07-18,29.0,43.9,1.0,0.0,5.2,No,0
C100420,30.0,Male,Seoul,Standard,Monthly,Bank transfer,2022-08-10,40.0,41.2,1.0,1.0,3.8,Yes,0
C100557,57.0,Female,Seoul,Standard,Monthly,Card,2023-10-29,26.0,,2.0,2.0,1.5,Yes,0
C100569,38.0,Female,Busan,Premium,Monthly,Bank transfer,2025-07-14,5.0,77.3,2.0,2.0,2.3,Yes,1
C100500,30.0,Male,Busan,Basic,Monthly,Mobile,2024-01-29,23.0,16.7,1.0,0.0,10.2,Yes,0
C100093,52.0,Male,Busan,Basic,Monthly,Card,2022-12-14,36.0,31.9,0.0,0.0,6.1,Yes,0
C100501,34.0,Female,Daegu,Basic,One-year,Mobile,2024-10-30,14.0,26.0,1.0,1.0,1.2,No,1
C100430,60.0,Female,Daegu,Standard,One-year,Virtual account,2022-03-06,45.0,41.0,3.0,1.0,9.0,No,0
C100491,31.0,Female,Seoul,Premium,One-year,Bank transfer,2025-11-19,1.0,85.0,0.0,2.0,6.6,Yes,0
C100428,54.0,Male,Daegu,Basic,Monthly,Card,2025-12-14,1.0,31.4,3.0,0.0,2.4,No,1
C100313,27.0,Female,Daegu,Standard,Monthly,Bank transfer,2025-04-09,8.0,51.2,0.0,1.0,2.4,Yes,0
C100471,42.0,Female,Daejeon,Basic,Monthly,Mobile,2025-09-18,3.0,25.6,4.0,0.0,0.8,No,1
C100007,39.0,Male,Seoul,Premium,Two-year,Card,2023-06-22,30.0,77.9,2.0,0.0,6.3,Yes,0
C100474,46.0,Male,Daegu,Basic,One-year,Bank transfer,2023-12-08,24.0,19.6,1.0,0.0,6.8,Yes,0
C100236,50.0,Female,Daejeon,Standard,One-year,Card,2023-09-06,27.0,40.0,2.0,0.0,1.4,Yes,0
C100571,56.0,Female,Busan,Basic,Monthly,Bank transfer,2023-03-01,34.0,38.0,3.0,1.0,1.5,Yes,0
C100150,30.0,Female,Seoul,Premium,Monthly,Bank transfer,2024-06-28,18.0,79.9,3.0,2.0,6.1,No,0
C100321,24.0,Female,Seoul,Basic,Monthly,Mobile,2025-03-01,10.0,27.4,2.0,1.0,13.5,No,0
C100518,40.0,Female,Daejeon,Premium,Monthly,Card,2024-11-20,13.0,68.0,1.0,1.0,2.3,No,0
C100568,32.0,Female,Daejeon,Basic,Monthly,Bank transfer,2023-06-03,30.0,37.8,1.0,1.0,7.4,Yes,0
C100460,37.0,Male,Seoul,Standard,Monthly,Bank transfer,2024-12-29,12.0,42.5,1.0,3.0,8.0,No,0
C100452,45.0,Female,Seoul,Standard,One-year,Card,2025-09-07,3.0,46.1,1.0,3.0,1.1,Yes,0
C100507,24.0,Female,Busan,Basic,One-year,Card,2022-11-07,37.0,31.2,2.0,0.0,2.9,Yes,0
C100542,46.0,Male,Busan,Basic,Two-year,Card,2022-04-23,44.0,31.4,1.0,0.0,3.9,No,0
C100558,38.0,Male,Daegu,Standard,Monthly,Bank transfer,2022-02-11,46.0,48.8,0.0,3.0,6.6,No,0
C100124,23.0,Female,Busan,Basic,Two-year,Card,2023-07-29,29.0,22.8,4.0,0.0,2.2,No,1
C100337,30.0,Female,Gwangju,Basic,One-year,Bank transfer,2024-08-17,16.0,27.0,2.0,0.0,6.8,Yes,0
C100312,49.0,Male,Daegu,Standard,Monthly,Mobile,2025-01-18,11.0,43.9,3.0,0.0,0.2,No,0
C100538,40.0,Female,Seoul,Basic,Monthly,Card,2024-04-27,20.0,24.0,0.0,0.0,3.2,Yes,0
C100033,45.0,Female,Daejeon,Basic,Monthly,Card,2025-02-25,10.0,19.7,1.0,2.0,4.2,Yes,0
C100336,42.0,,Seoul,Standard,Monthly,Card,2025-09-14,3.0,53.3,1.0,0.0,3.8,No,0
C100187,51.0,Female,Busan,Standard,Two-year,Mobile,2024-12-25,12.0,37.6,0.0,2.0,5.6,No,0
C100614,39.0,Male,Busan,Basic,Monthly,Mobile,2025-01-09,11.0,23.8,3.0,1.0,19.0,No,0
C100130,42.0,Male,Seoul,Basic,Monthly,Card,2022-05-10,43.0,34.5,1.0,1.0,2.5,No,1
C100054,43.0,Male,Busan,Basic,One-year,Mobile,2024-05-26,19.0,18.3,0.0,0.0,5.8,Yes,0
C100468,29.0,Female,Seoul,Premium,Monthly,Card,2023-08-11,28.0,79.5,2.0,2.0,2.9,No,1
C100178,45.0,Male,Daejeon,Basic,Monthly,Card,2023-01-01,36.0,27.9,0.0,0.0,8.4,Yes,0
C100334,45.0,Female,Seoul,Basic,Monthly,Card,2022-08-01,41.0,19.9,1.0,0.0,2.1,Yes,0
C100393,60.0,Male,Daegu,Basic,Monthly,Mobile,2025-09-27,3.0,17.0,0.0,2.0,1.1,No,1
C100127,42.0,Female,Daejeon,Premium,Monthly,Card,2024-04-04,20.0,68.4,3.0,2.0,3.7,No,1
C100215,32.0,Male,Seoul,Standard,Two-year,Mobile,2023-06-27,30.0,39.9,0.0,1.0,2.8,Yes,0
C100102,56.0,Female,Seoul,Standard,Monthly,Mobile,2025-11-20,1.0,56.4,4.0,0.0,5.5,No,0
C100513,43.0,Male,Busan,Basic,Monthly,Card,2025-10-20,2.0,20.8,0.0,0.0,4.1,No,1
C100447,45.0,Male,Seoul,Premium,Monthly,Card,2022-02-11,46.0,76.0,0.0,0.0,4.3,Yes,0
C100408,,Male,Seoul,Basic,One-year,Card,2023-02-23,34.0,17.9,2.0,0.0,7.5,No,0
C100050,37.0,Male,Seoul,Standard,One-year,Mobile,2025-09-14,3.0,38.6,3.0,3.0,7.9,Yes,0
C100331,48.0,Male,Seoul,Basic,Monthly,Mobile,2024-02-04,22.0,28.3,1.0,0.0,5.1,No,0
C100493,25.0,Male,Busan,Premium,Monthly,Card,2023-08-04,28.0,75.0,2.0,0.0,1.9,Yes,0
C100090,42.0,Female,Busan,Basic,Monthly,Card,2024-12-24,12.0,20.8,2.0,1.0,6.2,Yes,0
C100029,54.0,Male,Seoul,Standard,Monthly,Mobile,2024-05-16,19.0,44.0,0.0,2.0,1.6,No,1
C100088,55.0,Female,Busan,Basic,Monthly,Mobile,2025-08-20,4.0,12.8,3.0,1.0,6.2,Yes,1
C100223,32.0,Male,Busan,Premium,Monthly,Mobile,2023-01-04,35.0,82.8,0.0,2.0,42.0,Yes,0
C100038,36.0,Male,Seoul,Basic,One-year,Card,2022-01-04,47.0,15.9,2.0,0.0,4.6,Yes,0
C100505,38.0,Female,Daejeon,Premium,Monthly,Bank transfer,2025-10-04,2.0,79.1,2.0,1.0,7.9,No,0
C100136,24.0,Female,Daejeon,Premium,Monthly,Bank transfer,2022-06-08,42.0,67.0,1.0,0.0,4.1,No,0
C100264,53.0,Male,Gwangju,Standard,Monthly,Bank transfer,2022-07-17,41.0,50.6,1.0,0.0,8.6,Yes,0
C100066,48.0,Female,Busan,Basic,Monthly,Bank transfer,2025-06-17,6.0,20.9,1.0,0.0,7.2,Yes,0
C100561,49.0,Female,Daegu,Basic,Monthly,Card,2022-10-11,38.0,33.4,1.0,1.0,6.5,No,0
C100487,44.0,Male,Gwangju,Basic,One-year,Card,2022-06-05,42.0,27.4,1.0,0.0,1.2,No,0
C100082,32.0,Male,Daejeon,Standard,Monthly,Virtual account,2024-06-01,19.0,50.5,0.0,1.0,2.2,Yes,0
C100550,37.0,,Seoul,Basic,Monthly,Bank transfer,2024-06-23,18.0,26.5,1.0,2.0,1.3,No,0
C100059,49.0,Female,Seoul,Basic,Monthly,Mobile,2025-10-08,2.0,26.1,1.0,0.0,0.5,No,1
C100114,19.0,Female,Daegu,Basic,One-year,Bank transfer,2025-06-04,6.0,27.4,1.0,2.0,5.3,Yes,0
C100179,37.0,Female,Seoul,Standard,Monthly,Card,2024-07-26,17.0,41.6,2.0,1.0,5.1,Yes,0
C100293,38.0,Male,Seoul,Basic,Two-year,Mobile,2022-08-26,40.0,18.3,4.0,0.0,3.6,No,0
C100320,34.0,Male,Seoul,Basic,Monthly,Bank transfer,2023-03-25,33.0,15.6,2.0,1.0,9.5,Yes,0
C100052,19.0,Male,Seoul,Basic,One-year,Virtual account,2022-06-05,42.0,17.1,2.0,2.0,5.5,No,0
C100305,35.0,Female,Busan,Basic,Two-year,Bank transfer,2024-09-02,15.0,23.0,2.0,0.0,0.7,No,0
C100347,47.0,Male,Gwangju,Basic,One-year,Bank transfer,2025-03-01,10.0,25.3,3.0,0.0,4.6,No,0
C100045,27.0,Female,Seoul,Standard,Monthly,Card,2024-01-08,23.0,49.9,0.0,0.0,4.8,Yes,0
C100374,33.0,Male,Daejeon,Standard,Monthly,Card,2022-08-27,40.0,41.8,0.0,0.0,8.6,No,0
C100025,19.0,Male,Daejeon,Premium,Monthly,Virtual account,2023-04-16,32.0,,0.0,2.0,11.2,Yes,0
C100583,40.0,Male,Seoul,Premium,Monthly,Card,2023-11-13,25.0,77.2,1.0,0.0,10.9,Yes,0
C100307,30.0,Female,Seoul,Basic,Monthly,Card,2023-06-11,30.0,44.5,2.0,2.0,3.6,No,0
C100053,37.0,Female,Seoul,Premium,Monthly,Card,2025-06-25,6.0,72.3,3.0,1.0,8.6,Yes,0
C100149,52.0,Male,Seoul,Premium,Two-year,Bank transfer,2025-01-17,11.0,79.5,1.0,0.0,3.9,No,0
C100026,49.0,Male,Busan,Basic,Monthly,Virtual account,2024-02-06,22.0,29.5,1.0,0.0,3.1,Yes,0
C100103,45.0,Female,Seoul,Basic,Monthly,Card,,35.0,32.7,1.0,0.0,2.7,Yes,0
C100385,38.0,Female,Busan,Premium,Monthly,Virtual account,2022-10-08,38.0,81.9,2.0,0.0,12.7,No,0
C100459,35.0,Female,Seoul,Basic,Monthly,Bank transfer,2024-12-31,12.0,14.5,2.0,0.0,3.4,Yes,0
C100208,64.0,Male,Seoul,Basic,Monthly,Card,2022-06-03,42.0,31.6,0.0,2.0,1.3,No,0
C100543,55.0,Male,Gwangju,Basic,Monthly,Card,2022-08-29,40.0,16.1,2.0,0.0,2.3,Yes,0
C100564,26.0,Male,Seoul,Basic,Monthly,Bank transfer,2024-04-23,20.0,17.8,2.0,1.0,5.9,Yes,0
C100024,44.0,Male,Gwangju,Basic,One-year,Bank transfer,2023-03-25,33.0,28.8,3.0,2.0,3.0,Yes,0
C100182,66.0,Female,Daegu,Basic,One-year,Virtual account,2024-09-02,15.0,25.2,4.0,2.0,5.5,No,1
C100519,32.0,Male,Daegu,Standard,Monthly,Card,2022-08-12,40.0,49.7,1.0,1.0,1.2,No,0
C100009,33.0,Female,Seoul,Standard,Monthly,Bank transfer,2023-03-05,33.0,43.1,0.0,1.0,3.3,No,0
C100069,33.0,Male,Gwangju,Basic,Monthly,Mobile,2023-04-30,32.0,15.1,2.0,2.0,3.5,No,0
C100548,31.0,Female,Seoul,Basic,Monthly,Card,2023-07-24,29.0,16.0,0.0,0.0,9.7,Yes,0
C100369,33.0,Male,Busan,Standard,Monthly,Mobile,2025-05-22,7.0,43.0,2.0,1.0,3.4,No,1
C100075,47.0,Male,Daegu,Basic,Two-year,Bank transfer,2024-02-18,22.0,21.5,2.0,0.0,,Yes,0
C100327,43.0,Female,Gwangju,Standard,One-year,Virtual account,2025-05-27,7.0,39.3,3.0,1.0,2.5,Yes,0
C100363,53.0,Male,Busan,Basic,Monthly,Bank transfer,2025-10-28,2.0,30.2,7.0,0.0,1.8,No,0
C100246,41.0,Female,Daegu,Standard,One-year,Mobile,2025-10-29,2.0,55.4,4.0,1.0,2.5,No,0
C100205,33.0,Female,Gwangju,Basic,Two-year,Card,2023-11-10,25.0,30.7,1.0,0.0,5.1,Yes,0
C100446,31.0,Male,Seoul,Basic,One-year,Bank transfer,2024-01-09,23.0,16.9,4.0,0.0,2.3,Yes,0
C100575,49.0,Male,Daegu,Basic,Monthly,Virtual account,2024-09-17,15.0,29.4,2.0,2.0,2.4,Yes,0
C100608,53.0,Female,Busan,Basic,One-year,Card,2024-12-15,12.0,21.7,2.0,1.0,5.4,Yes,0
C100601,32.0,Female,Busan,Standard,Two-year,Mobile,2025-08-28,4.0,42.5,3.0,0.0,4.4,No,0
C100589,55.0,Male,Seoul,Standard,Monthly,Card,2024-03-29,21.0,39.5,3.0,1.0,3.3,Yes,0
C100484,35.0,Female,Busan,Basic,One-year,Card,2024-09-02,15.0,30.6,1.0,1.0,2.1,Yes,0
C100165,52.0,Male,Daejeon,Basic,One-year,Mobile,2024-02-10,22.0,19.5,1.0,0.0,9.3,Yes,0
C100176,53.0,Female,Busan,Basic,One-year,Mobile,2023-12-21,24.0,23.5,2.0,1.0,0.4,No,0
C100340,36.0,,Seoul,Standard,One-year,Virtual account,2025-10-22,2.0,48.6,3.0,1.0,6.0,Yes,0
C100494,43.0,Male,Seoul,Standard,Monthly,Bank transfer,2024-03-04,21.0,55.9,5.0,0.0,2.1,Yes,1
C100395,36.0,Male,Gwangju,Basic,One-year,Mobile,2023-04-11,32.0,24.3,1.0,1.0,3.1,No,0
C100118,29.0,Male,Seoul,Premium,One-year,Card,2025-08-17,4.0,81.5,2.0,0.0,5.6,Yes,0
C100378,45.0,Male,Daegu,Premium,Monthly,Bank transfer,2023-12-10,24.0,77.7,2.0,1.0,1.1,Yes,0
C100078,40.0,Male,Busan,Basic,One-year,Card,2023-11-12,25.0,19.9,0.0,0.0,5.9,Yes,0
C100097,44.0,Male,Daejeon,Basic,One-year,Card,2024-05-11,19.0,238.5,1.0,0.0,5.7,Yes,0
C100466,43.0,Female,Daegu,Premium,Monthly,Mobile,2025-09-21,3.0,79.7,2.0,1.0,1.6,Yes,0
C100464,42.0,Female,Seoul,Basic,Monthly,Bank transfer,2025-11-30,1.0,32.0,4.0,1.0,4.3,Yes,1
C100120,53.0,Male,Busan,Standard,Monthly,Card,2022-12-29,36.0,50.3,1.0,0.0,0.4,Yes,0
C100518,40.0,Female,Daejeon,Premium,Monthly,Card,2024-11-20,13.0,68.0,1.0,1.0,2.3,No,0
C100266,37.0,Male,Gwangju,Basic,Monthly,Mobile,2024-08-17,16.0,19.5,2.0,0.0,1.4,No,0
C100409,33.0,Female,Busan,Basic,One-year,Mobile,2025-01-12,11.0,19.7,1.0,2.0,6.1,Yes,0
C100279,39.0,Female,Busan,Basic,Monthly,Card,2025-01-02,11.0,15.7,1.0,1.0,2.5,Yes,0
C100581,47.0,Male,Daejeon,Standard,Two-year,Card,2024-05-22,19.0,51.8,1.0,1.0,,No,0
C100535,43.0,Female,Daegu,Basic,Monthly,Bank transfer,2023-05-14,31.0,24.0,0.0,1.0,2.6,Yes,0
C100457,32.0,Male,Busan,Basic,Monthly,Card,2024-08-31,16.0,13.6,1.0,0.0,2.1,Yes,1
C100172,40.0,Male,Seoul,Premium,Monthly,Card,2025-10-30,2.0,75.2,2.0,0.0,7.2,No,0
C100119,50.0,Female,Daegu,Standard,Two-year,Mobile,2024-06-30,18.0,50.4,1.0,1.0,2.6,No,0
C100357,39.0,Male,Busan,Standard,One-year,Card,2024-11-13,13.0,42.4,4.0,3.0,10.9,No,0
C100512,36.0,Male,Gwangju,Premium,Two-year,Mobile,2024-09-12,15.0,77.9,21.0,0.0,7.9,No,0
C100170,36.0,Female,Busan,Basic,Monthly,Mobile,2022-02-25,46.0,25.9,0.0,1.0,3.9,Yes,0
C100250,42.0,Female,Daejeon,Basic,One-year,Card,2023-07-05,29.0,20.2,3.0,1.0,5.0,Yes,0
C100144,34.0,Female,Daejeon,Basic,One-year,Card,2024-09-05,15.0,25.8,0.0,1.0,,No,0
C100402,23.0,Male,Busan,Basic,Two-year,Bank transfer,2025-04-25,8.0,16.0,1.0,0.0,5.9,Yes,0
C100148,43.0,Female,Busan,Standard,Two-year,Card,2025-06-25,6.0,38.1,2.0,1.0,1.3,No,0
C100423,33.0,Female,Gwangju,Basic,Monthly,Bank transfer,2022-06-24,42.0,20.1,1.0,0.0,9.4,Yes,0
C100140,49.0,Female,Busan,Basic,One-year,Mobile,2025-01-02,11.0,32.6,2.0,2.0,2.6,No,1
C100181,34.0,Male,Daegu,Basic,One-year,Card,2023-03-18,33.0,26.7,1.0,1.0,3.4,No,0
C100302,32.0,Female,Seoul,Standard,Monthly,,2023-04-12,32.0,41.6,5.0,2.0,2.7,Yes,0
C100573,42.0,Female,Busan,Standard,Monthly,Bank transfer,2023-02-20,34.0,46.3,3.0,1.0,0.9,No,0
C100605,25.0,Female,Seoul,Standard,One-year,Bank transfer,2024-01-24,23.0,47.8,3.0,0.0,1.7,No,0
C100073,30.0,Male,Daejeon,Basic,Monthly,Mobile,2024-09-28,15.0,29.1,2.0,1.0,2.6,No,0
C100486,27.0,Female,Seoul,Premium,Monthly,Card,2023-01-05,35.0,72.2,1.0,0.0,0.9,Yes,0
C100303,51.0,Male,Seoul,Basic,One-year,Bank transfer,2023-02-07,34.0,21.2,1.0,1.0,4.3,Yes,0
C100448,37.0,Female,Busan,Basic,Monthly,Card,2022-07-03,41.0,24.6,0.0,0.0,4.6,Yes,0
C100199,29.0,Female,Daegu,Standard,One-year,Card,2023-11-03,25.0,37.5,1.0,0.0,2.5,Yes,0
C100504,45.0,Male,Busan,Standard,Two-year,Bank transfer,2025-04-01,9.0,47.8,0.0,0.0,6.3,No,0
C100040,46.0,Female,Seoul,Standard,One-year,Bank transfer,2025-01-18,11.0,51.4,1.0,1.0,4.0,No,0
C100514,30.0,Male,Seoul,Basic,One-year,Card,2024-12-06,12.0,29.7,1.0,0.0,9.5,Yes,0
C100101,,Male,Seoul,Standard,Monthly,Bank transfer,2024-10-27,14.0,45.4,1.0,0.0,8.0,Yes,1
C100216,30.0,Male,Busan,Basic,Monthly,Mobile,2024-02-15,22.0,23.6,3.0,2.0,2.7,Yes,0
C100122,29.0,Female,Daejeon,Basic,One-year,Card,2025-07-24,5.0,25.6,1.0,0.0,5.7,Yes,0
C100587,47.0,Male,Busan,Standard,Monthly,Virtual account,2024-08-08,16.0,46.0,0.0,2.0,1.8,Yes,0
C100261,46.0,Female,Seoul,Basic,Monthly,Card,2024-05-13,19.0,22.9,2.0,2.0,,No,0
C100210,32.0,Male,Daejeon,Standard,Monthly,Bank transfer,2022-06-20,42.0,47.4,0.0,0.0,4.7,Yes,0
C100072,46.0,Female,Busan,Standard,Monthly,Bank transfer,2023-08-28,28.0,44.6,0.0,0.0,3.1,Yes,0
C100157,38.0,Female,Seoul,Basic,Monthly,Mobile,2024-09-22,15.0,34.9,1.0,0.0,1.3,No,0
C100134,46.0,Female,Daegu,Basic,One-year,Card,2022-05-05,43.0,23.2,0.0,0.0,2.9,No,0
C100237,39.0,Male,Busan,Basic,Monthly,Mobile,2022-10-10,38.0,19.7,2.0,0.0,4.3,Yes,0
C100289,55.0,Male,Daejeon,Standard,Two-year,Mobile,2022-12-09,36.0,42.0,1.0,1.0,3.3,No,0
C100158,39.0,Female,Seoul,Basic,One-year,Virtual account,2025-05-23,7.0,17.2,2.0,1.0,2.6,No,1
C100106,42.0,Female,Seoul,Standard,Monthly,Bank transfer,2025-05-05,7.0,39.1,3.0,1.0,7.3,Yes,0
C100364,50.0,Female,Daegu,Standard,One-year,Virtual account,2025-05-26,7.0,49.3,1.0,0.0,4.0,Yes,0
C100362,54.0,Male,Busan,Basic,Two-year,Mobile,2023-04-04,32.0,28.5,1.0,0.0,6.2,No,0
C100441,35.0,Male,Daejeon,Basic,Monthly,Card,2023-07-15,29.0,24.5,2.0,0.0,6.2,Yes,0
C100619,51.0,Female,Seoul,Standard,Monthly,Virtual account,2022-01-17,47.0,46.7,0.0,2.0,6.9,Yes,0
C100272,42.0,Male,Busan,Basic,Monthly,Card,2022-04-23,44.0,22.2,1.0,2.0,1.0,Yes,0
C100104,41.0,Female,Busan,Basic,Monthly,Card,2023-11-22,25.0,27.0,3.0,1.0,2.3,No,0
C100067,52.0,Male,Gwangju,Standard,Monthly,Mobile,2022-03-31,45.0,47.2,0.0,0.0,3.8,No,0
C100528,39.0,Male,Seoul,Standard,One-year,Card,2022-06-15,42.0,49.6,3.0,1.0,0.7,Yes,0
C100286,28.0,Female,Busan,Basic,Two-year,Virtual account,2022-12-27,36.0,26.2,1.0,0.0,0.5,No,0
C100081,39.0,Female,Seoul,Standard,One-year,Card,2024-01-04,23.0,48.6,4.0,1.0,5.0,Yes,0
C100123,33.0,Female,Busan,Premium,Two-year,Mobile,2023-07-08,29.0,85.1,1.0,1.0,11.8,No,0
C100096,32.0,Male,Gwangju,Standard,One-year,Card,2024-01-30,23.0,47.8,1.0,0.0,3.3,No,0
C100367,52.0,Female,Seoul,Basic,Monthly,Mobile,2022-03-10,45.0,33.7,3.0,1.0,6.8,Yes,0
C100159,35.0,Male,Busan,Standard,One-year,Card,2023-04-14,32.0,53.0,2.0,0.0,2.9,Yes,0
C100315,41.0,Male,Daegu,Standard,Two-year,Bank transfer,2022-06-24,42.0,53.4,1.0,1.0,8.9,Yes,0
C100113,44.0,Male,Seoul,Basic,Monthly,Mobile,2022-11-23,37.0,35.1,1.0,1.0,5.5,No,0
C100131,48.0,Female,Daejeon,Basic,Monthly,Virtual account,2025-10-02,2.0,22.5,0.0,2.0,3.1,Yes,0
C100611,28.0,Female,Seoul,Basic,One-year,Bank transfer,2025-01-29,11.0,18.5,5.0,0.0,2.9,No,1
C100371,19.0,Male,Seoul,Standard,Monthly,Card,2025-12-28,1.0,55.1,1.0,1.0,3.4,No,0
C100156,38.0,Female,Daejeon,Basic,Monthly,Card,2024-09-23,15.0,33.8,2.0,0.0,3.7,Yes,0
C100014,45.0,Male,Seoul,Standard,Monthly,Card,2023-01-09,35.0,48.6,0.0,1.0,8.4,No,0
C100610,32.0,Male,Daegu,Basic,Monthly,Mobile,2023-10-02,27.0,,0.0,1.0,2.2,Yes,0
C100200,27.0,Female,Seoul,Basic,Monthly,Card,2025-03-28,9.0,15.7,1.0,0.0,4.9,Yes,1
C100240,33.0,Female,Daegu,Standard,Monthly,Bank transfer,2025-07-29,5.0,45.9,0.0,2.0,0.4,Yes,1
C100202,38.0,Female,Daegu,Standard,One-year,Mobile,2022-09-30,39.0,44.2,0.0,1.0,7.2,Yes,0
C100105,39.0,Male,Busan,Standard,Monthly,Card,2022-10-31,38.0,41.6,0.0,1.0,2.8,No,0
C100615,34.0,Female,Seoul,Standard,Monthly,Mobile,2025-07-12,5.0,48.3,2.0,0.0,0.7,No,0
C100607,38.0,Female,Seoul,Premium,One-year,Virtual account,2022-01-14,47.0,67.1,2.0,0.0,2.8,Yes,0
C100206,27.0,Female,Seoul,Basic,Monthly,Card,2025-12-01,1.0,28.0,3.0,1.0,10.7,Yes,0
C100419,44.0,,Daegu,Standard,Monthly,Card,2022-05-19,43.0,47.4,4.0,1.0,2.9,No,0
C100361,28.0,Male,Seoul,Basic,Monthly,Card,2023-03-28,33.0,24.4,3.0,2.0,0.5,No,0
C100287,43.0,Female,Seoul,Basic,One-year,Virtual account,2024-08-31,16.0,24.8,1.0,0.0,4.8,No,0
C100381,40.0,Male,Busan,Standard,Two-year,Card,2022-06-12,42.0,47.0,1.0,1.0,6.8,Yes,0
C100594,30.0,Male,Gwangju,Basic,Monthly,Mobile,2023-10-10,26.0,31.6,0.0,0.0,3.3,No,0
C100019,39.0,Female,Daegu,Standard,Two-year,Card,2022-08-13,40.0,45.2,1.0,0.0,1.9,No,0
C100107,25.0,Female,Seoul,Standard,Monthly,Card,2025-08-26,4.0,55.2,3.0,2.0,6.5,No,0
C100346,44.0,Female,Seoul,Basic,One-year,Card,2023-10-23,26.0,23.8,1.0,1.0,2.3,Yes,0
C100111,19.0,Female,Seoul,Basic,Monthly,Virtual account,2025-01-09,11.0,17.0,2.0,0.0,4.9,Yes,0
C100217,,Female,Busan,Standard,Monthly,Mobile,2025-11-19,1.0,41.4,1.0,1.0,6.2,Yes,1
C100285,50.0,Female,Daejeon,Basic,Monthly,Card,2025-04-04,8.0,19.7,1.0,0.0,5.9,Yes,1
C100384,57.0,Female,Daejeon,Premium,Two-year,Card,2025-10-30,2.0,79.1,0.0,1.0,4.4,Yes,0
C100135,38.0,Female,Seoul,Basic,Monthly,Bank transfer,2024-10-04,14.0,19.4,0.0,1.0,6.0,Yes,0
C100252,35.0,Male,Seoul,Basic,One-year,Mobile,2022-11-03,37.0,27.4,2.0,0.0,3.7,Yes,1
C100201,24.0,Female,Seoul,Standard,Monthly,Bank transfer,2025-04-23,8.0,45.3,1.0,1.0,9.0,Yes,0
C100574,54.0,Female,Seoul,Basic,Monthly,Card,2025-11-11,1.0,23.6,0.0,0.0,1.7,Yes,0
C100006,51.0,Male,Seoul,Standard,Monthly,Bank transfer,2022-06-05,42.0,42.4,1.0,0.0,4.1,Yes,0
C100562,42.0,Female,Daegu,Basic,Monthly,Mobile,2025-02-15,10.0,28.6,1.0,0.0,1.7,Yes,0
C100360,36.0,Male,Daejeon,Basic,Monthly,Virtual account,2025-07-19,5.0,27.1,1.0,1.0,3.5,No,1
C100228,39.0,Female,Daejeon,Standard,One-year,Bank transfer,2025-12-29,1.0,41.6,0.0,0.0,4.8,Yes,0
C100241,42.0,Female,Seoul,Standard,Monthly,Card,2022-11-08,37.0,50.1,1.0,1.0,5.1,Yes,0
C100547,22.0,Male,Seoul,Standard,Two-year,Bank transfer,2024-01-02,23.0,57.4,0.0,0.0,9.9,No,0
C100586,31.0,Female,Busan,Premium,One-year,Card,2022-03-10,45.0,75.0,0.0,0.0,4.0,No,0
C100453,46.0,Male,Busan,Premium,Two-year,Bank transfer,2022-02-04,46.0,80.9,2.0,0.0,,No,0
C100397,59.0,Male,Daejeon,Basic,One-year,Card,2023-10-22,26.0,18.9,3.0,0.0,5.2,Yes,0
C100288,112.0,Female,Busan,Standard,Two-year,Mobile,2023-06-28,30.0,48.8,1.0,1.0,2.0,No,0
C100051,37.0,Male,Seoul,Basic,One-year,Card,2025-08-09,4.0,31.5,2.0,0.0,14.7,Yes,0
C100404,43.0,Male,Daejeon,Basic,Monthly,,2024-12-30,12.0,19.8,0.0,2.0,3.1,Yes,1
C100023,56.0,Male,Daejeon,Basic,One-year,Card,2025-04-18,8.0,23.3,3.0,1.0,2.3,No,0
C100056,31.0,Male,Seoul,Standard,Monthly,Card,2024-04-12,20.0,47.6,3.0,0.0,7.9,No,0
C100139,43.0,Female,Busan,Basic,Monthly,Mobile,2025-02-05,10.0,24.8,1.0,1.0,4.0,No,0
C100616,37.0,Female,Daejeon,Basic,Two-year,Bank transfer,2022-02-27,46.0,35.6,1.0,2.0,1.8,Yes,0
C100475,40.0,Female,Daejeon,Basic,Monthly,Mobile,2025-04-05,8.0,34.4,3.0,1.0,1.0,No,1
C100245,53.0,Male,Seoul,Basic,Two-year,Card,2023-04-17,32.0,,,0.0,9.0,No,0
C100020,40.0,Male,Seoul,Basic,Monthly,Card,2022-01-22,47.0,15.7,3.0,0.0,3.5,Yes,0
C100517,45.0,Male,Busan,Premium,Monthly,Bank transfer,2022-02-01,46.0,74.0,3.0,1.0,2.8,No,0
C100390,56.0,Male,Seoul,Basic,Monthly,Bank transfer,2023-03-15,33.0,29.5,2.0,1.0,5.4,Yes,0
C100469,53.0,Male,Seoul,Standard,Two-year,Card,2025-04-16,8.0,42.3,0.0,1.0,2.3,Yes,0
C100257,37.0,Female,Seoul,Premium,Monthly,Card,2025-01-18,11.0,68.2,1.0,1.0,3.2,Yes,0
C100552,68.0,Male,Busan,Standard,Two-year,Bank transfer,2022-08-18,40.0,47.7,1.0,1.0,6.3,Yes,0
C100554,31.0,Female,Daegu,Standard,Monthly,Bank transfer,2022-02-19,46.0,37.9,3.0,0.0,4.1,No,0
C100151,30.0,Female,Busan,Standard,One-year,Card,2023-07-21,29.0,49.2,1.0,1.0,5.1,No,0
C100296,38.0,Female,Gwangju,Standard,Monthly,Card,2022-08-28,40.0,48.3,2.0,2.0,5.5,Yes,0
C100339,42.0,Female,Daejeon,,One-year,Card,2022-07-15,41.0,43.4,1.0,0.0,1.1,No,0
C100413,57.0,Female,Seoul,Basic,Monthly,Bank transfer,2025-02-26,10.0,32.0,3.0,2.0,0.9,Yes,0
C100444,32.0,Male,Seoul,Standard,One-year,Virtual account,2025-02-27,10.0,49.3,2.0,0.0,0.7,Yes,1
C100173,37.0,Female,Busan,Premium,One-year,Virtual account,2025-08-20,4.0,82.5,2.0,1.0,2.4,Yes,0
C100585,50.0,Male,Seoul,Basic,Monthly,Mobile,2023-05-28,31.0,33.2,3.0,0.0,1.7,No,0
C100291,41.0,Female,Daejeon,Standard,Monthly,Virtual account,2025-10-06,2.0,36.6,2.0,2.0,0.5,No,0
C100175,61.0,Male,Daegu,Basic,Monthly,Bank transfer,2025-06-27,6.0,29.3,1.0,1.0,5.5,Yes,0
C100351,40.0,Female,Busan,Standard,Monthly,Mobile,2024-12-21,12.0,52.8,0.0,2.0,4.5,Yes,0
C100429,55.0,Male,Gwangju,Basic,Monthly,Virtual account,2025-03-19,9.0,30.5,0.0,1.0,4.4,No,1
C100263,27.0,Female,Busan,Basic,Monthly,Card,2022-08-24,40.0,,2.0,0.0,6.7,Yes,0
C100108,33.0,Female,Busan,Premium,Two-year,Bank transfer,2024-06-13,18.0,75.1,1.0,1.0,5.7,Yes,1
C100478,53.0,Male,Gwangju,Premium,One-year,Card,2025-10-08,2.0,75.4,1.0,1.0,1.3,Yes,0
C100432,27.0,Male,Seoul,Standard,One-year,Mobile,2025-04-25,8.0,52.6,2.0,0.0,2.9,Yes,0
C100202,38.0,Female,Daegu,Standard,One-year,Mobile,2022-09-30,39.0,44.2,0.0,1.0,7.2,Yes,0
C100094,46.0,Female,Daejeon,Basic,Monthly,Bank transfer,2023-01-23,35.0,27.4,0.0,1.0,2.2,No,0
C100572,42.0,Male,Busan,Premium,Monthly,Mobile,2024-09-28,15.0,66.3,4.0,2.0,2.5,No,0
C100322,45.0,Male,Daejeon,Standard,One-year,Bank transfer,2023-05-06,31.0,48.9,5.0,0.0,2.7,No,0
C100356,40.0,Male,Busan,Standard,Monthly,Virtual account,2024-01-01,24.0,55.4,2.0,2.0,1.2,Yes,1
C100539,47.0,Male,Daegu,Standard,Monthly,Bank transfer,2023-11-23,25.0,51.4,5.0,0.0,3.6,Yes,0
C100141,47.0,Female,Seoul,Basic,Two-year,Mobile,2024-12-27,12.0,35.1,2.0,2.0,1.7,No,1
C100358,44.0,Male,Busan,Standard,Monthly,Card,2023-06-09,30.0,42.2,1.0,1.0,3.7,No,0
C100553,33.0,Male,Gwangju,Standard,One-year,Bank transfer,2022-07-30,41.0,45.1,1.0,0.0,5.7,Yes,0
C100012,49.0,Female,Seoul,Premium,Two-year,Mobile,2025-03-15,9.0,69.6,1.0,1.0,8.1,Yes,0
C100599,30.0,Male,Gwangju,,One-year,Mobile,2024-01-07,23.0,71.7,1.0,1.0,7.5,No,0
C100142,21.0,Female,Daejeon,Basic,Monthly,Card,2023-07-30,29.0,26.9,3.0,1.0,4.2,Yes,0
C100323,48.0,Male,Seoul,Basic,One-year,Mobile,2022-10-31,38.0,17.4,3.0,1.0,5.0,Yes,0
C100221,53.0,Female,Daegu,Basic,One-year,Card,2023-08-18,28.0,18.6,0.0,1.0,5.5,Yes,0
C100490,45.0,Female,Seoul,Premium,One-year,Card,2023-01-24,35.0,78.7,,0.0,1.2,No,0
C100016,26.0,Male,Daejeon,Premium,Monthly,Mobile,2025-04-20,8.0,76.2,1.0,1.0,3.7,Yes,1
C100259,50.0,Female,Seoul,Premium,Monthly,Card,2022-04-04,44.0,67.4,1.0,2.0,9.5,No,0
C100255,35.0,Male,Gwangju,Standard,Monthly,Bank transfer,2024-03-14,21.0,40.2,1.0,0.0,2.8,No,0
C100620,38.0,Male,Busan,Basic,Monthly,Bank transfer,2022-09-01,40.0,21.6,0.0,2.0,2.4,Yes,0
C100618,23.0,Female,Seoul,Basic,Monthly,Virtual account,2022-03-07,45.0,31.9,3.0,0.0,10.7,Yes,0
C100526,49.0,Female,Busan,Basic,Monthly,Card,2022-11-06,37.0,13.4,1.0,0.0,3.6,Yes,0
C100498,54.0,Male,Busan,Premium,Monthly,Card,2025-12-09,1.0,81.8,1.0,3.0,9.3,Yes,0
C100174,24.0,Female,Busan,Basic,Monthly,Bank transfer,2025-06-03,6.0,19.7,18.0,1.0,1.8,Yes,1
C100238,20.0,Male,,Basic,One-year,Mobile,2022-07-09,41.0,21.1,1.0,2.0,2.5,No,0
C100194,41.0,Female,Daegu,Basic,Monthly,Virtual account,2022-05-04,43.0,30.1,1.0,0.0,12.9,No,0
C100092,30.0,Male,Seoul,Premium,One-year,Mobile,2025-06-27,6.0,79.1,0.0,1.0,1.0,No,0
C100062,45.0,Female,Gwangju,Standard,Monthly,Mobile,2024-06-23,18.0,53.0,2.0,2.0,4.6,Yes,0
C100502,29.0,Male,Seoul,Basic,Two-year,Bank transfer,2023-12-23,24.0,34.9,4.0,1.0,0.9,Yes,0
C100089,41.0,Male,Seoul,Basic,Monthly,Bank transfer,2024-10-01,15.0,19.7,0.0,1.0,2.3,Yes,0
C100467,48.0,Male,Seoul,Standard,Monthly,Card,2024-01-25,23.0,48.0,0.0,2.0,6.1,Yes,0
C100516,48.0,Female,Daejeon,Standard,Two-year,Bank transfer,2022-03-26,45.0,43.6,2.0,0.0,2.9,No,0
C100249,50.0,Female,Busan,Basic,Two-year,Mobile,2023-03-15,33.0,26.0,0.0,1.0,4.1,Yes,0
C100019,39.0,Female,Daegu,Standard,Two-year,Card,2022-08-13,40.0,45.2,1.0,0.0,1.9,No,0
C100418,42.0,Female,Seoul,Basic,Monthly,Bank transfer,2022-09-06,39.0,21.4,0.0,2.0,6.7,No,1
C100592,31.0,Female,Seoul,Basic,Monthly,Card,2025-06-02,6.0,31.0,1.0,0.0,3.9,Yes,1
C100436,37.0,Female,Seoul,Basic,Monthly,Mobile,2025-09-22,3.0,29.0,1.0,1.0,2.9,Yes,0
C100304,61.0,Male,Seoul,Premium,Monthly,Bank transfer,2024-11-03,13.0,72.0,0.0,0.0,,No,0
C100515,54.0,Male,Seoul,Basic,Monthly,Virtual account,2025-05-03,7.0,18.4,3.0,0.0,3.5,Yes,1
C100309,32.0,Female,Gwangju,Premium,One-year,Card,2025-05-12,7.0,82.2,0.0,0.0,13.3,Yes,0
C100593,33.0,Female,Daejeon,Premium,Monthly,Card,2025-03-20,9.0,83.4,1.0,0.0,5.2,Yes,0
C100439,64.0,Female,Daegu,Standard,One-year,Card,2025-08-02,4.0,51.7,4.0,1.0,2.4,No,1
C100477,47.0,Male,Seoul,Basic,Monthly,Mobile,2025-09-15,3.0,24.1,2.0,3.0,5.5,Yes,0
C100169,27.0,Male,Busan,Basic,Two-year,Virtual account,2024-01-01,24.0,18.9,3.0,2.0,0.9,Yes,0
C100426,19.0,Female,Busan,Standard,Monthly,Card,2023-11-20,25.0,53.0,1.0,1.0,8.2,Yes,0
C100292,33.0,Male,Daegu,Standard,Monthly,Mobile,2022-08-30,40.0,46.3,0.0,0.0,1.9,Yes,0
C100188,49.0,Male,Gwangju,Basic,Monthly,Mobile,2024-06-15,18.0,27.4,3.0,1.0,2.9,Yes,0
C100274,35.0,Male,Daegu,Standard,Monthly,Virtual account,2022-01-12,47.0,49.2,2.0,0.0,1.6,Yes,0
C100345,25.0,Male,Busan,Premium,One-year,Card,2024-11-05,13.0,73.2,2.0,1.0,4.3,Yes,0
C100147,57.0,Male,Daejeon,Premium,Monthly,Mobile,2024-02-03,22.0,73.5,1.0,1.0,3.2,Yes,0
C100576,32.0,Female,Daejeon,Basic,Two-year,Bank transfer,2022-04-25,44.0,22.8,3.0,0.0,1.9,Yes,1
C100458,48.0,Male,Seoul,Standard,Two-year,,2022-05-29,43.0,43.1,1.0,0.0,2.4,Yes,0
C100565,31.0,Male,Seoul,Basic,Monthly,Card,2022-06-19,42.0,21.3,0.0,2.0,2.9,Yes,0
C100415,36.0,Female,Seoul,Standard,Monthly,Bank transfer,2025-11-04,1.0,43.8,1.0,1.0,7.7,No,0
C100117,39.0,Female,Seoul,Basic,Two-year,Mobile,2024-11-24,13.0,10.1,1.0,1.0,8.1,Yes,0
C100388,28.0,Female,Daegu,Standard,One-year,Card,2025-01-10,11.0,38.3,1.0,5.0,1.7,Yes,0
C100473,39.0,Male,Daegu,Standard,One-year,,2023-05-10,31.0,44.5,1.0,0.0,5.6,Yes,0
C100260,42.0,Female,Seoul,Basic,One-year,Card,2023-01-16,35.0,17.5,6.0,0.0,2.7,No,0
C100422,27.0,Male,Daegu,Standard,Monthly,Card,2025-09-23,3.0,44.2,1.0,0.0,0.2,Yes,0
C100185,39.0,Male,Busan,Standard,Monthly,Virtual account,2025-11-24,1.0,42.2,2.0,1.0,3.2,No,0
C100399,53.0,Male,Seoul,Basic,Monthly,Card,2023-09-19,27.0,31.6,2.0,1.0,6.2,Yes,0
C100443,43.0,Female,Daegu,Standard,Monthly,Virtual account,2024-12-11,12.0,49.0,1.0,1.0,3.9,No,1
C100099,20.0,Female,Daegu,Basic,Monthly,Card,2025-11-28,1.0,17.6,2.0,0.0,5.2,No,0
C100138,36.0,Female,Seoul,Basic,Monthly,Card,2024-01-08,23.0,22.9,2.0,1.0,8.9,Yes,0
C100386,42.0,Female,Busan,Standard,One-year,Mobile,2025-06-03,6.0,41.3,2.0,1.0,6.6,No,0
C100230,46.0,Female,Seoul,Basic,One-year,Card,2025-12-30,1.0,33.9,2.0,2.0,3.0,Yes,0
C100126,43.0,Male,Gwangju,Basic,Monthly,Bank transfer,2022-06-13,42.0,25.8,0.0,0.0,8.4,No,0
C100167,,Female,Busan,Standard,Monthly,Bank transfer,2022-12-16,36.0,49.3,3.0,1.0,3.7,Yes,0
C100076,19.0,Female,Seoul,Standard,Monthly,Bank transfer,2024-09-15,15.0,46.5,1.0,0.0,1.1,Yes,0
C100234,55.0,Male,Busan,Premium,Monthly,Bank transfer,2024-04-14,20.0,71.3,3.0,0.0,8.8,Yes,0
C100207,34.0,Female,Daegu,Basic,One-year,Card,2025-08-03,4.0,22.5,3.0,3.0,2.3,Yes,0
C100617,48.0,Male,Seoul,Basic,Monthly,Bank transfer,2025-09-18,3.0,37.0,0.0,0.0,4.3,Yes,1
C100577,31.0,Male,Busan,Standard,Two-year,Bank transfer,2024-11-29,13.0,48.2,2.0,0.0,2.2,Yes,0
C100010,39.0,Female,Busan,Premium,Monthly,Mobile,2025-01-25,11.0,86.4,0.0,2.0,0.6,Yes,0
C100414,43.0,Female,Busan,Basic,One-year,Card,2023-08-10,28.0,29.0,4.0,0.0,1.7,Yes,0
C100186,36.0,Female,Busan,Basic,Monthly,Virtual account,2025-04-17,8.0,22.6,3.0,0.0,0.4,Yes,0
C100057,19.0,Male,Seoul,Standard,Monthly,Card,2022-07-09,41.0,43.9,1.0,0.0,9.7,No,0
C100129,53.0,Male,Seoul,Premium,Monthly,Card,2023-07-16,29.0,71.1,2.0,1.0,1.1,Yes,1
C100189,30.0,Male,Gwangju,Basic,One-year,Card,2025-08-15,4.0,19.6,2.0,0.0,5.2,No,0
C100492,44.0,Female,Busan,Standard,Monthly,Card,2024-05-26,19.0,43.0,1.0,0.0,1.0,No,0
C100604,45.0,Female,Seoul,Standard,One-year,Card,2025-04-16,8.0,45.9,2.0,2.0,3.0,Yes,0
C100335,25.0,Female,Daegu,Basic,Monthly,Card,2024-09-18,15.0,25.9,1.0,0.0,7.3,No,0
C100483,42.0,Male,Daejeon,Standard,One-year,Bank transfer,2023-01-02,35.0,42.1,1.0,0.0,8.7,Yes,0
C100536,,Female,Seoul,Standard,Two-year,Bank transfer,2022-03-23,45.0,39.6,3.0,0.0,1.8,No,0
C100365,31.0,Male,Busan,Basic,Two-year,Bank transfer,2025-09-28,3.0,24.7,2.0,0.0,4.0,No,0
C100197,59.0,Male,Daejeon,Basic,One-year,Mobile,2024-11-17,13.0,18.1,1.0,2.0,1.7,Yes,0
C100450,31.0,Male,Seoul,Standard,Monthly,Card,2022-01-19,47.0,54.3,3.0,0.0,6.6,No,0
C100281,37.0,Female,Seoul,Standard,One-year,Virtual account,2022-03-01,46.0,43.9,3.0,2.0,3.0,Yes,0
C100380,31.0,Female,Seoul,Standard,Two-year,Card,2022-02-07,46.0,44.8,1.0,1.0,8.8,Yes,0
C100401,43.0,Female,Seoul,Premium,One-year,Bank transfer,2022-11-06,37.0,76.5,3.0,0.0,3.9,No,0
C100300,21.0,Female,Seoul,Basic,Monthly,Bank transfer,2025-09-10,3.0,26.1,0.0,0.0,4.1,Yes,0
C100198,43.0,Male,Busan,Standard,Monthly,Card,2025-04-10,8.0,41.6,0.0,0.0,2.6,Yes,0
C100091,43.0,Female,Seoul,Premium,Monthly,Card,2025-01-12,11.0,81.3,0.0,1.0,5.7,Yes,0
C100437,43.0,Female,Daegu,Standard,Monthly,Mobile,2024-04-29,20.0,33.0,5.0,1.0,3.2,Yes,0
C100039,41.0,Male,Daegu,Standard,Monthly,Card,2022-09-30,39.0,43.9,5.0,0.0,1.4,Yes,0
C100376,24.0,Male,Seoul,Standard,Two-year,Bank transfer,2022-04-10,44.0,48.3,0.0,4.0,3.5,No,0
C100373,34.0,Female,Busan,Basic,Monthly,Card,2025-08-16,4.0,22.3,3.0,2.0,3.9,Yes,1
C100598,47.0,Female,Busan,Premium,Monthly,Bank transfer,2023-04-10,32.0,74.4,1.0,1.0,3.7,Yes,0
C100214,54.0,Female,Daejeon,Standard,Two-year,Virtual account,2024-06-05,18.0,48.7,1.0,0.0,5.8,Yes,0
C100521,28.0,Male,Gwangju,Basic,Monthly,Card,2023-12-14,24.0,27.4,1.0,0.0,3.4,No,0
C100591,20.0,Male,Daejeon,Standard,One-year,Card,2022-10-19,38.0,44.2,2.0,0.0,4.9,No,0
C100265,35.0,Male,Seoul,Premium,Two-year,Bank transfer,2024-01-28,23.0,80.9,0.0,1.0,10.2,No,0
C100301,19.0,Male,Busan,Standard,One-year,Bank transfer,2024-01-15,23.0,43.2,1.0,0.0,1.1,No,0
C100354,42.0,Male,Daegu,Basic,One-year,Virtual account,2022-10-13,38.0,17.4,3.0,3.0,4.0,Yes,1
C100508,69.0,Male,Seoul,Basic,Monthly,Mobile,2022-11-19,37.0,29.5,0.0,1.0,0.7,Yes,0
C100451,30.0,Female,Busan,Standard,Monthly,Card,2022-01-09,47.0,52.4,0.0,0.0,4.8,Yes,0
C100338,54.0,Male,Seoul,Standard,Monthly,Mobile,2022-02-21,46.0,50.5,0.0,0.0,8.5,Yes,0
C100058,34.0,Female,Busan,Basic,Monthly,Bank transfer,2025-05-26,7.0,30.4,0.0,2.0,1.5,Yes,1
C100449,29.0,Female,Daejeon,Basic,Two-year,Bank transfer,2023-09-14,27.0,29.5,2.0,0.0,2.3,Yes,0
C100391,38.0,Female,Busan,Standard,One-year,Card,2023-03-22,33.0,45.6,1.0,1.0,1.8,Yes,0
C100171,28.0,Male,Seoul,Basic,Monthly,Virtual account,2024-05-18,19.0,26.4,1.0,1.0,1.0,No,0
C100298,37.0,Male,Gwangju,Standard,Monthly,Bank transfer,2025-08-16,4.0,41.3,2.0,1.0,2.4,Yes,0
C100204,19.0,Male,Busan,Basic,Monthly,Bank transfer,2023-04-13,32.0,22.9,2.0,0.0,13.9,Yes,0
C100442,29.0,Male,Seoul,Standard,One-year,Bank transfer,2025-09-17,3.0,45.2,0.0,0.0,2.9,No,0
C100145,54.0,Male,Gwangju,Standard,Monthly,Mobile,2022-09-08,39.0,46.3,2.0,1.0,5.5,Yes,0
C100282,28.0,Female,Seoul,Basic,Monthly,Mobile,2025-07-25,5.0,21.8,0.0,2.0,3.5,Yes,1
C100080,33.0,Female,Seoul,Premium,Monthly,Mobile,2025-11-30,1.0,70.5,3.0,1.0,1.0,No,0
C100267,49.0,Male,Daegu,Standard,Monthly,Virtual account,2024-03-28,21.0,55.2,,1.0,5.1,No,0
C100195,50.0,Male,Daegu,Premium,Monthly,Mobile,2023-11-14,25.0,,0.0,0.0,6.1,Yes,0
C100465,41.0,Male,Seoul,Premium,Monthly,Virtual account,2022-04-29,44.0,78.3,3.0,0.0,1.3,Yes,0
C100387,46.0,Male,Seoul,Standard,One-year,Card,2023-02-17,34.0,50.9,1.0,1.0,3.1,No,0
C100013,55.0,Male,Seoul,Basic,Monthly,Bank transfer,2024-07-25,17.0,24.6,0.0,2.0,7.5,Yes,1
C100348,53.0,Female,Seoul,Standard,One-year,Card,2023-09-12,27.0,47.4,0.0,1.0,13.0,No,0
C100087,46.0,Female,Seoul,Standard,One-year,Card,2024-07-11,17.0,47.4,0.0,2.0,2.5,Yes,0
C100342,51.0,Female,Busan,Basic,Monthly,Bank transfer,2023-09-26,27.0,15.9,3.0,2.0,10.4,Yes,0
C100005,47.0,Male,Busan,Basic,Two-year,Mobile,2022-07-03,41.0,18.9,3.0,0.0,2.1,Yes,0
C100022,54.0,Male,Busan,Standard,Monthly,Mobile,2024-11-20,13.0,53.4,1.0,1.0,0.9,No,0
C100417,35.0,Female,Busan,Basic,Monthly,Card,2023-04-04,32.0,33.6,2.0,0.0,8.4,Yes,0
C100472,21.0,Female,Daegu,Basic,Monthly,Mobile,2025-08-09,4.0,24.0,1.0,0.0,9.5,Yes,0
C100190,50.0,Female,Seoul,Basic,Monthly,Card,2022-10-06,38.0,20.5,3.0,1.0,12.3,Yes,0
C100306,34.0,Female,Daegu,Premium,One-year,Virtual account,2025-05-27,7.0,72.6,3.0,1.0,6.2,Yes,0
C100063,45.0,Female,Seoul,Standard,Monthly,Card,2023-03-12,33.0,40.7,2.0,0.0,4.4,Yes,0
C100277,41.0,Female,Daegu,Basic,Monthly,Card,2023-07-28,29.0,23.9,2.0,1.0,7.8,Yes,0
C100410,24.0,Female,Daejeon,Basic,One-year,Card,2023-05-15,31.0,33.7,0.0,2.0,0.4,Yes,0
C100580,33.0,Male,Daegu,Basic,One-year,Virtual account,,6.0,22.7,0.0,0.0,6.2,Yes,0
C100280,53.0,Female,Daejeon,Basic,Monthly,Card,2025-10-03,2.0,22.7,1.0,1.0,10.3,No,0
C100034,30.0,Female,Seoul,Standard,Monthly,Mobile,2023-02-17,34.0,52.4,3.0,1.0,13.3,Yes,0
C100021,56.0,Male,Seoul,Standard,Two-year,Card,2025-01-14,11.0,43.5,1.0,0.0,5.2,No,0
C100551,55.0,Male,Seoul,Premium,Monthly,Card,2023-10-22,26.0,78.2,2.0,0.0,4.5,Yes,0
C100140,49.0,Female,Busan,Basic,One-year,Mobile,2025-01-02,11.0,32.6,2.0,2.0,2.6,No,1
C100060,28.0,Female,Daegu,Premium,Two-year,Mobile,2023-11-28,25.0,78.8,0.0,1.0,3.2,Yes,0
C100311,41.0,Male,Daejeon,Standard,Monthly,Mobile,2023-05-29,31.0,44.0,0.0,1.0,5.4,Yes,0
C100163,37.0,Female,Daegu,Standard,Monthly,Virtual account,2023-05-31,31.0,34.7,0.0,2.0,3.9,No,1
C100284,28.0,Female,Busan,Premium,Monthly,Bank transfer,2023-12-11,24.0,81.5,2.0,1.0,1.3,Yes,1
C100132,47.0,Female,Daegu,Standard,Monthly,Mobile,2025-07-28,5.0,46.6,1.0,1.0,4.5,Yes,0
C100068,47.0,Male,Busan,Standard,Monthly,Bank transfer,2022-10-10,38.0,53.4,1.0,1.0,3.8,Yes,0
C100584,49.0,Female,Seoul,Basic,Two-year,Bank transfer,2025-04-12,8.0,13.3,1.0,2.0,10.2,Yes,0
C100578,38.0,,Seoul,Premium,One-year,Mobile,2023-12-19,24.0,81.1,1.0,0.0,6.8,Yes,0
C100523,49.0,Male,Busan,Basic,Monthly,Bank transfer,2025-06-27,6.0,28.2,0.0,1.0,5.0,Yes,0
C100328,41.0,Male,Seoul,Standard,Monthly,Virtual account,2023-04-27,32.0,42.6,3.0,0.0,7.4,No,0
C100095,50.0,Female,Seoul,Standard,Monthly,Mobile,2025-08-01,5.0,41.8,2.0,0.0,7.1,Yes,0
C100226,51.0,Male,Daejeon,Basic,Two-year,Card,2024-02-22,22.0,27.0,6.0,0.0,4.9,Yes,0
C100368,36.0,Male,Gwangju,Standard,Monthly,Bank transfer,2025-10-19,2.0,50.0,3.0,0.0,4.9,No,0
C100310,41.0,Male,Seoul,Standard,Monthly,Card,2025-05-04,7.0,53.1,1.0,2.0,6.8,No,0
C100086,49.0,Female,Seoul,Standard,Monthly,Card,2024-09-19,15.0,47.8,2.0,1.0,5.9,No,0
C100233,58.0,Female,Busan,Basic,Monthly,Card,2025-12-04,1.0,28.9,3.0,2.0,5.0,No,0
C100359,64.0,Female,Seoul,Basic,Monthly,Mobile,2022-02-18,46.0,19.7,2.0,0.0,0.4,Yes,0
C100407,46.0,Male,Busan,Premium,Monthly,Mobile,2025-04-04,8.0,79.3,1.0,1.0,3.8,No,0
C100242,41.0,Male,Daegu,Premium,Monthly,Card,2025-06-22,6.0,75.2,2.0,0.0,6.9,No,0
C100222,38.0,Female,Busan,Basic,One-year,Bank transfer,2025-09-18,3.0,30.0,1.0,0.0,0.5,Yes,0
C100579,51.0,Female,Daejeon,Basic,Monthly,Mobile,2024-05-30,19.0,20.3,3.0,2.0,3.5,Yes,0
C100028,43.0,Female,Busan,Basic,Two-year,Bank transfer,2025-01-26,11.0,28.1,1.0,0.0,2.0,Yes,0
C100085,43.0,Female,Daegu,Standard,One-year,Mobile,2022-04-28,44.0,41.8,2.0,3.0,1.9,Yes,0
C100227,40.0,Male,Daejeon,Basic,Monthly,Bank transfer,2024-11-28,13.0,22.1,2.0,0.0,4.0,Yes,0
C100061,38.0,Male,Seoul,Basic,Two-year,Mobile,2022-07-13,41.0,24.3,2.0,0.0,5.8,Yes,0
C100332,19.0,Male,Seoul,Basic,One-year,Mobile,2023-07-09,29.0,26.9,1.0,0.0,1.6,Yes,1
C100370,33.0,Female,Daegu,Standard,Monthly,Mobile,2025-05-06,7.0,56.2,0.0,0.0,4.8,No,0
C100546,35.0,Female,Seoul,Basic,Monthly,Card,2022-12-04,36.0,28.0,1.0,0.0,6.4,No,0
C100035,34.0,Male,,Premium,Two-year,Card,,47.0,75.7,1.0,0.0,2.4,No,0
C100278,44.0,Female,Seoul,Premium,One-year,Card,2024-04-10,20.0,74.3,2.0,2.0,0.4,Yes,0
C100055,34.0,Female,Busan,Standard,Monthly,Mobile,2022-06-22,42.0,50.5,1.0,0.0,1.8,No,0
C100350,73.0,Female,Seoul,Standard,Monthly,Card,2024-02-01,22.0,48.9,3.0,2.0,15.2,Yes,0
C100071,28.0,Female,Daejeon,Premium,Monthly,Card,2024-11-27,13.0,70.9,0.0,0.0,4.9,No,0
C100595,32.0,Female,Daejeon,Basic,Monthly,Mobile,2022-12-26,36.0,29.5,4.0,1.0,5.4,Yes,0
C100212,36.0,Female,Daegu,Standard,Monthly,Mobile,2024-02-13,22.0,42.2,1.0,0.0,4.9,No,0
C100463,32.0,Female,Seoul,Standard,Monthly,Mobile,2023-06-26,30.0,45.3,0.0,1.0,2.6,Yes,0
C100445,40.0,Male,Seoul,Premium,Monthly,Bank transfer,2023-10-30,26.0,70.6,3.0,1.0,4.0,No,1
C100510,44.0,Female,Seoul,Standard,Monthly,Card,2025-05-14,7.0,39.6,2.0,1.0,6.8,No,0
C100036,45.0,Male,Seoul,Standard,Monthly,Card,2022-09-17,39.0,48.6,1.0,1.0,3.2,No,0
C100400,26.0,Male,Daegu,Basic,Monthly,Card,2025-08-21,4.0,18.4,3.0,1.0,1.6,No,0
C100403,35.0,Male,Gwangju,Standard,Monthly,Bank transfer,2023-08-30,28.0,46.8,0.0,1.0,1.4,No,0
C100434,33.0,Male,Daejeon,Standard,Monthly,Card,2025-10-06,2.0,47.9,2.0,0.0,7.9,No,0
C100333,34.0,Female,Gwangju,Premium,Monthly,Card,2024-04-03,20.0,65.4,2.0,1.0,3.6,Yes,0
C100116,38.0,Male,Seoul,Standard,One-year,Bank transfer,2024-03-09,21.0,42.6,2.0,0.0,4.1,Yes,0
C100294,34.0,Female,Seoul,Basic,Monthly,Card,2022-04-05,44.0,23.8,5.0,2.0,0.2,Yes,0
C100455,40.0,Female,Gwangju,Basic,Monthly,Bank transfer,2023-06-27,30.0,25.8,4.0,1.0,8.5,No,0
C100077,60.0,Male,Seoul,Standard,Monthly,Bank transfer,2025-03-11,9.0,47.5,2.0,2.0,9.9,No,0
C100482,34.0,Male,Busan,Standard,Monthly,Card,2023-01-26,35.0,51.4,0.0,0.0,5.6,No,0
C100109,22.0,Female,Busan,Basic,Two-year,Card,2025-08-27,4.0,22.8,1.0,1.0,3.2,Yes,0
C100544,22.0,Male,Daejeon,Standard,One-year,Card,2022-03-06,45.0,43.6,2.0,1.0,19.0,Yes,0
C100251,56.0,Male,Daegu,Basic,One-year,Card,2023-01-15,35.0,11.5,3.0,1.0,2.4,Yes,0
C100421,27.0,Female,Daejeon,Standard,Monthly,Card,2024-10-30,14.0,48.4,2.0,1.0,4.8,Yes,0
C100559,26.0,Male,Busan,Basic,One-year,Card,2024-06-28,18.0,14.6,4.0,0.0,4.0,Yes,0
C100612,45.0,Female,Daejeon,Basic,Monthly,Bank transfer,2025-08-31,4.0,34.6,2.0,1.0,6.8,Yes,0
C100314,34.0,Female,Busan,Standard,Monthly,Mobile,2023-01-26,35.0,39.9,1.0,1.0,5.6,Yes,0
C100213,37.0,Female,Seoul,Basic,One-year,Mobile,2025-11-28,1.0,22.1,1.0,0.0,10.9,Yes,0
C100153,31.0,Male,Daegu,,Monthly,Card,2023-04-17,32.0,69.6,1.0,2.0,1.9,Yes,0
C100064,47.0,Female,Seoul,Basic,Two-year,Card,2025-09-21,3.0,17.4,1.0,0.0,8.6,Yes,0
C100394,33.0,Male,Gwangju,Basic,Monthly,Card,2022-03-04,45.0,27.1,1.0,4.0,7.2,Yes,0
C100533,36.0,Male,Seoul,Standard,Monthly,Virtual account,2024-09-10,15.0,43.6,3.0,0.0,7.6,Yes,0
C100481,48.0,Female,,Standard,One-year,Bank transfer,2022-11-27,37.0,36.7,2.0,1.0,3.1,Yes,0
C100454,38.0,Female,Seoul,Premium,One-year,Mobile,2025-02-22,10.0,72.4,,0.0,5.9,Yes,0
C100534,54.0,Female,Daejeon,Standard,Monthly,Bank transfer,2024-05-24,19.0,43.2,0.0,1.0,4.4,No,1
C100270,28.0,Male,Gwangju,Premium,One-year,Mobile,2022-08-15,40.0,72.3,1.0,2.0,4.2,Yes,0
C100273,38.0,Male,Busan,Basic,Monthly,Card,2022-05-17,43.0,19.8,4.0,0.0,2.8,Yes,0
C100406,34.0,Female,Daejeon,Basic,Two-year,Card,2022-01-12,47.0,20.8,2.0,0.0,5.6,Yes,0
C100083,34.0,Female,Gwangju,Basic,Monthly,Bank transfer,2024-12-26,12.0,28.4,3.0,0.0,3.4,Yes,0
C100046,29.0,Male,Busan,Basic,One-year,Mobile,2025-07-06,5.0,22.7,1.0,0.0,10.8,No,0
C100416,27.0,Female,Seoul,Basic,Two-year,Mobile,2023-06-22,30.0,33.1,3.0,0.0,3.5,No,1
C100613,46.0,Male,Seoul,Premium,Monthly,Bank transfer,2022-07-08,41.0,71.6,3.0,2.0,1.6,No,1
C100137,29.0,Female,Gwangju,Basic,Monthly,Mobile,2025-09-08,3.0,21.9,1.0,0.0,4.5,No,0
C100382,48.0,Female,Busan,Basic,Monthly,Card,2023-04-11,32.0,33.0,3.0,2.0,4.0,No,0
C100324,40.0,Male,Daejeon,Basic,Monthly,Card,2025-04-03,8.0,25.1,4.0,0.0,2.6,Yes,0
C100511,38.0,Female,Daejeon,Basic,Two-year,Mobile,2025-08-01,5.0,11.8,2.0,0.0,2.2,Yes,0
C100319,43.0,Female,,Standard,Monthly,Bank transfer,2022-01-14,47.0,48.4,2.0,1.0,2.2,Yes,0
C100537,26.0,Female,Busan,Standard,Two-year,Bank transfer,2022-05-26,43.0,48.0,3.0,1.0,7.9,No,0
C100275,50.0,Male,Seoul,Standard,Monthly,Card,2025-10-29,2.0,35.9,1.0,0.0,0.4,Yes,0
C100588,27.0,Male,Busan,Basic,Two-year,Card,2022-11-25,37.0,24.0,0.0,2.0,4.0,Yes,0
C100319,43.0,Female,,Standard,Monthly,Bank transfer,2022-01-14,47.0,48.4,2.0,1.0,2.2,Yes,0
C100398,24.0,Female,Busan,Standard,One-year,Bank transfer,2023-12-30,24.0,48.2,2.0,0.0,11.2,Yes,0
C100425,28.0,Male,Gwangju,Premium,Monthly,Bank transfer,2022-12-19,36.0,81.7,1.0,0.0,2.6,Yes,1
C100435,40.0,Male,Seoul,Premium,One-year,Bank transfer,2023-08-09,28.0,78.4,1.0,1.0,3.8,Yes,0
C100353,46.0,Male,Gwangju,Basic,Monthly,Card,2023-11-19,25.0,18.1,3.0,0.0,0.7,Yes,0
C100375,25.0,Female,Seoul,Standard,One-year,Card,2023-11-18,25.0,44.9,1.0,1.0,4.0,No,0
C100004,28.0,Male,Busan,Basic,Monthly,Mobile,2024-01-07,23.0,24.1,0.0,2.0,6.3,Yes,0
C100011,37.0,Male,Seoul,Basic,One-year,Virtual account,2025-10-06,2.0,22.3,1.0,0.0,1.9,Yes,0
C100074,44.0,Male,Seoul,Standard,Two-year,Card,2025-12-09,1.0,54.0,1.0,0.0,7.7,Yes,0
C100461,52.0,Male,Seoul,Basic,Monthly,Card,2025-03-03,9.0,24.0,1.0,0.0,7.2,Yes,0
C100112,,Male,Daejeon,Basic,One-year,Card,2022-05-08,43.0,13.8,0.0,0.0,5.7,Yes,0
C100531,57.0,Male,Seoul,Standard,Monthly,Card,2024-11-25,13.0,47.9,2.0,2.0,5.6,Yes,0
C100247,50.0,Female,Seoul,Premium,Monthly,Bank transfer,2022-11-10,37.0,74.7,0.0,1.0,3.7,Yes,1
C100570,52.0,Female,Daejeon,Standard,Monthly,Mobile,2022-07-10,41.0,49.7,1.0,1.0,8.9,Yes,0
C100268,26.0,Male,Daejeon,Basic,Monthly,Card,2025-07-22,5.0,21.1,1.0,1.0,7.5,Yes,0
C100427,38.0,Female,Seoul,Premium,Two-year,Card,2023-05-21,31.0,75.5,1.0,1.0,8.1,No,0
C100522,34.0,Female,Busan,Standard,Two-year,Card,2023-02-22,34.0,60.4,1.0,2.0,3.8,Yes,0
C100154,42.0,Female,Daejeon,Basic,One-year,Bank transfer,2024-10-29,14.0,30.0,1.0,2.0,3.3,Yes,0
C100078,40.0,Male,Busan,Basic,One-year,Card,2023-11-12,25.0,19.9,0.0,0.0,5.9,Yes,0
C100590,49.0,Male,Daejeon,Premium,Monthly,Bank transfer,2022-12-08,36.0,81.7,2.0,1.0,0.6,No,0
C100290,27.0,Female,Seoul,Standard,Monthly,Mobile,2022-03-08,45.0,48.9,0.0,2.0,3.1,Yes,1
C100349,48.0,Female,Seoul,Premium,Monthly,Bank transfer,2025-01-10,11.0,76.3,0.0,0.0,3.8,Yes,0
C100326,45.0,Male,Seoul,Standard,Monthly,Card,2023-05-06,31.0,40.7,1.0,0.0,6.6,Yes,0
C100480,34.0,Male,Daejeon,Premium,Monthly,Bank transfer,2023-11-13,25.0,75.0,4.0,0.0,3.2,Yes,0
C100530,42.0,Female,Daejeon,Basic,Monthly,Virtual account,2023-12-07,24.0,17.9,0.0,2.0,8.5,No,1
C100488,49.0,Female,Daejeon,Standard,Monthly,Mobile,2024-08-02,16.0,45.8,2.0,0.0,2.0,Yes,0
C100017,38.0,Female,Seoul,Basic,One-year,,2025-10-15,2.0,16.7,2.0,1.0,1.4,Yes,0
C100193,48.0,Male,Daegu,Basic,Monthly,Virtual account,2022-09-15,39.0,21.8,1.0,2.0,6.1,No,1
C100600,45.0,Male,Busan,Basic,Monthly,Card,2025-10-25,2.0,25.7,4.0,3.0,0.8,Yes,1
C100030,39.0,Male,Busan,Standard,Monthly,Card,2024-10-28,14.0,33.0,0.0,2.0,2.5,Yes,0
C100231,43.0,Female,Seoul,Standard,Two-year,Card,2025-05-14,7.0,41.9,3.0,1.0,8.2,No,0
C100330,48.0,Male,Seoul,Standard,Monthly,Card,2025-06-25,6.0,49.1,1.0,1.0,15.6,Yes,0
C100527,35.0,Male,Busan,Premium,Monthly,Card,2024-06-01,19.0,83.2,0.0,1.0,7.5,No,0
C100556,53.0,Female,Busan,Premium,One-year,Mobile,2022-03-01,46.0,70.1,0.0,2.0,12.8,Yes,0
C100002,38.0,Female,Seoul,Basic,Two-year,Bank transfer,2024-10-15,14.0,21.4,2.0,1.0,7.9,Yes,0
C100220,39.0,Female,Seoul,Standard,One-year,Virtual account,2024-07-07,17.0,41.9,3.0,1.0,6.4,Yes,0
C100254,63.0,Male,Busan,Basic,Monthly,Mobile,2023-05-19,31.0,36.5,1.0,0.0,15.7,Yes,0
C100239,35.0,Male,Busan,Basic,Monthly,Mobile,2022-11-02,37.0,36.6,2.0,1.0,2.7,No,0
C100438,42.0,Male,Daegu,Basic,One-year,Mobile,2024-02-08,22.0,21.4,1.0,0.0,6.4,No,0
C100192,50.0,Female,Seoul,Standard,Monthly,Bank transfer,2025-05-07,7.0,40.2,0.0,0.0,8.4,Yes,0
C100520,62.0,Female,Daejeon,Standard,Monthly,Mobile,2025-08-18,4.0,40.7,1.0,0.0,4.7,Yes,0
C100524,38.0,Male,Gwangju,Basic,Monthly,Virtual account,2022-09-21,39.0,28.7,1.0,0.0,12.6,No,0
C100218,27.0,Female,Daegu,Basic,Monthly,Card,2025-11-30,1.0,21.0,3.0,2.0,9.8,No,1
C100495,28.0,Male,Daejeon,Basic,Monthly,Card,2022-06-17,42.0,24.2,1.0,2.0,1.3,No,0
C100344,36.0,Male,Busan,Standard,Monthly,Bank transfer,2023-09-06,27.0,46.2,3.0,0.0,10.2,Yes,0
C100143,47.0,Female,Daegu,Standard,Monthly,Card,2023-04-15,32.0,46.1,0.0,0.0,5.2,Yes,0
C100489,47.0,Male,Busan,,Monthly,Card,2024-08-15,16.0,30.9,1.0,1.0,3.0,Yes,0
C100602,42.0,Female,Daegu,Premium,Monthly,Bank transfer,2022-05-12,43.0,75.4,3.0,1.0,3.2,Yes,0
C100506,37.0,Male,Gwangju,Basic,One-year,Bank transfer,2024-12-03,12.0,31.7,1.0,1.0,9.2,Yes,0
C100431,50.0,Female,Busan,Basic,Monthly,Bank transfer,2025-07-19,5.0,18.3,0.0,3.0,6.2,Yes,0
C100155,41.0,Male,Busan,Standard,Two-year,Card,2023-03-07,33.0,58.1,1.0,0.0,4.3,No,0
C100065,33.0,Male,Seoul,Standard,Two-year,Mobile,2022-10-23,38.0,,2.0,1.0,0.9,No,0
C100098,27.0,Female,Busan,Basic,Monthly,Mobile,2024-12-28,12.0,24.8,2.0,2.0,2.7,Yes,0
C100606,19.0,Male,Daejeon,Standard,One-year,Bank transfer,2023-01-17,35.0,40.6,1.0,1.0,7.8,No,0
C100161,40.0,Female,Busan,Standard,One-year,Bank transfer,2022-11-21,37.0,48.7,0.0,0.0,3.0,Yes,0
C100164,22.0,Female,Seoul,Basic,Monthly,Mobile,2024-04-03,20.0,20.0,1.0,2.0,3.7,Yes,0
C100377,40.0,Male,Gwangju,Premium,Monthly,Mobile,2023-11-07,25.0,76.1,4.0,1.0,5.5,Yes,1
C100603,41.0,Female,Seoul,Standard,Two-year,Bank transfer,2022-02-04,46.0,45.4,0.0,1.0,4.5,Yes,0
C100041,40.0,Female,Daejeon,Standard,Monthly,Card,2023-02-01,34.0,45.6,2.0,0.0,1.9,No,0
C100299,19.0,Female,Daegu,Standard,Monthly,Card,2023-01-06,35.0,42.0,0.0,0.0,1.9,Yes,0
C100276,39.0,Male,Seoul,Basic,One-year,Bank transfer,2022-01-27,47.0,27.7,1.0,0.0,7.3,No,0
C100560,37.0,Female,Busan,Premium,One-year,Card,2022-12-19,36.0,67.8,2.0,0.0,2.1,Yes,0
C100031,42.0,Female,Seoul,Standard,One-year,Virtual account,2025-05-26,7.0,41.3,1.0,1.0,1.7,Yes,1
C100100,44.0,Male,Daegu,Premium,One-year,Mobile,2024-04-26,20.0,83.9,1.0,3.0,4.4,No,1
C100283,35.0,Male,Busan,Standard,One-year,Mobile,2023-08-01,29.0,46.1,2.0,2.0,4.0,Yes,0
C100271,33.0,Female,Seoul,Standard,One-year,Virtual account,2024-05-22,19.0,52.2,1.0,0.0,5.9,Yes,0
C100609,22.0,Male,Seoul,Basic,Two-year,Bank transfer,2023-12-08,24.0,31.2,2.0,0.0,6.9,Yes,0
C100180,47.0,Female,Seoul,Standard,Monthly,Card,2024-02-14,22.0,56.2,2.0,1.0,3.1,No,0
C100456,20.0,Female,Daejeon,Basic,Two-year,Mobile,2022-06-20,42.0,265.0,1.0,1.0,0.9,No,1
C100476,47.0,Male,Seoul,Basic,Monthly,Mobile,2022-09-21,39.0,30.4,1.0,0.0,0.7,Yes,0
C100049,19.0,Female,Daejeon,Basic,Monthly,Bank transfer,2025-09-24,3.0,25.2,1.0,0.0,3.8,Yes,0
C100545,35.0,Male,Seoul,Basic,Two-year,Mobile,2024-03-15,21.0,30.7,2.0,1.0,1.6,Yes,0
C100440,40.0,Female,Busan,Basic,One-year,Card,2024-09-05,15.0,29.3,4.0,1.0,2.7,No,0
C100343,46.0,Male,Busan,Standard,One-year,Bank transfer,2023-03-05,33.0,43.6,2.0,1.0,3.1,No,0
C100411,41.0,Female,Daegu,Basic,One-year,Bank transfer,,38.0,26.4,2.0,1.0,4.8,No,0
C100503,29.0,Female,Gwangju,Basic,Monthly,Card,2023-08-23,28.0,27.5,1.0,0.0,4.0,No,0
C100597,48.0,Female,Daejeon,Standard,Monthly,Card,2024-09-10,15.0,42.7,2.0,1.0,1.2,No,0
C100015,,Male,Busan,Premium,Monthly,Card,2025-06-28,6.0,77.5,1.0,0.0,10.7,No,1
C100479,34.0,Female,Busan,Standard,Monthly,Bank transfer,2025-06-11,6.0,43.9,1.0,1.0,2.5,Yes,0
C100297,22.0,Male,Busan,Basic,Monthly,Mobile,2024-01-26,23.0,3.3,2.0,0.0,9.3,Yes,0
C100128,55.0,Female,Seoul,Standard,One-year,Mobile,2023-11-08,25.0,50.4,2.0,0.0,5.4,No,0
C100383,48.0,Female,Daegu,Basic,Monthly,Card,2025-10-28,2.0,15.4,1.0,2.0,4.5,Yes,1
C100269,30.0,Female,Seoul,Premium,Monthly,Card,2025-04-13,8.0,77.4,1.0,0.0,6.4,No,0
C100412,34.0,Male,Gwangju,Premium,Monthly,Bank transfer,2022-12-12,36.0,74.3,1.0,0.0,0.8,Yes,0
C100166,42.0,Female,Daegu,Basic,Monthly,Card,2022-05-02,44.0,27.0,1.0,1.0,1.9,Yes,0
C100485,23.0,Female,Seoul,Premium,Monthly,Mobile,2022-07-24,41.0,76.0,2.0,1.0,6.9,Yes,0
C100470,24.0,Female,Busan,Basic,Monthly,Card,2024-05-31,19.0,26.3,2.0,1.0,5.4,Yes,0
C100043,37.0,Female,Daejeon,Basic,Monthly,Bank transfer,2022-05-06,43.0,26.0,0.0,0.0,7.2,No,0
C100196,42.0,Female,Busan,Standard,Monthly,Virtual account,2025-11-21,1.0,45.9,3.0,0.0,4.8,Yes,0
C100168,38.0,Female,Seoul,Premium,Monthly,Mobile,2023-02-28,34.0,75.2,1.0,1.0,4.6,No,0
C100379,46.0,Female,Daejeon,Standard,Monthly,Mobile,2025-08-30,4.0,38.2,2.0,1.0,2.6,No,0
C100225,41.0,Male,Daegu,Premium,One-year,Bank transfer,2025-03-20,9.0,82.0,4.0,0.0,6.9,No,0
C100084,32.0,Female,Busan,Standard,Two-year,Bank transfer,2025-01-19,11.0,30.5,2.0,1.0,1.1,Yes,0
C100405,49.0,Male,Seoul,Premium,One-year,Mobile,2022-04-26,44.0,70.0,,0.0,8.4,No,0
C100229,46.0,Female,Daegu,Standard,Monthly,Card,2022-03-21,45.0,46.2,1.0,2.0,5.4,Yes,0
C100424,24.0,Female,Busan,Standard,One-year,Bank transfer,2023-02-25,34.0,48.5,1.0,1.0,5.0,No,0
C100018,20.0,Male,Busan,Basic,Monthly,Mobile,2024-12-25,12.0,18.5,0.0,1.0,5.0,Yes,0
C100152,26.0,Male,Seoul,Standard,Monthly,Card,2024-08-26,16.0,45.6,3.0,0.0,3.7,No,0
C100566,29.0,Female,Busan,Standard,Monthly,Card,2023-04-28,32.0,39.4,4.0,0.0,2.2,Yes,0
C100160,44.0,Female,Daegu,Standard,Monthly,Mobile,2025-05-27,7.0,43.7,0.0,2.0,1.9,No,0
C100044,32.0,Female,Daegu,Basic,One-year,Card,2025-07-24,5.0,22.1,3.0,1.0,4.9,Yes,0
C100509,55.0,Male,Busan,Premium,Monthly,Bank transfer,2022-04-21,44.0,73.1,2.0,0.0,4.2,No,0
C100352,41.0,Male,Gwangju,Basic,Monthly,Bank transfer,2022-05-12,43.0,26.8,1.0,1.0,0.7,No,0
C100341,46.0,Female,Gwangju,Basic,One-year,Bank transfer,2023-12-16,24.0,21.7,3.0,0.0,7.5,Yes,0
C100462,46.0,Male,Seoul,Basic,One-year,Virtual account,2024-07-21,17.0,19.5,2.0,2.0,1.3,No,0
C100184,46.0,Female,Seoul,Basic,One-year,Bank transfer,2024-09-28,15.0,36.8,1.0,0.0,8.3,No,0
C100532,51.0,Male,Seoul,Basic,Monthly,Bank transfer,2024-02-12,22.0,18.2,1.0,1.0,5.5,Yes,0
C100396,38.0,Female,Busan,Premium,Monthly,Mobile,2023-09-03,27.0,63.3,1.0,0.0,3.7,No,1
C100496,50.0,Female,Busan,Standard,Two-year,Bank transfer,2022-07-06,41.0,49.7,0.0,0.0,7.1,Yes,0
C100253,47.0,Male,Daejeon,Standard,One-year,Bank transfer,2024-06-05,18.0,48.4,2.0,1.0,2.0,Yes,0
C100316,43.0,Male,Busan,Basic,Two-year,Card,2024-05-01,20.0,17.7,0.0,0.0,,Yes,0
C100125,24.0,Female,Seoul,Basic,Two-year,Card,2022-05-28,43.0,21.0,0.0,0.0,1.5,Yes,0
C100256,40.0,Male,Seoul,Premium,One-year,Mobile,2023-01-22,35.0,82.1,2.0,0.0,1.6,Yes,0
C100497,40.0,Male,Daegu,Basic,Monthly,Card,2025-11-14,1.0,27.0,1.0,3.0,4.8,No,0
C100392,40.0,Female,Daegu,Standard,Monthly,Virtual account,2024-03-01,22.0,42.3,1.0,1.0,1.8,Yes,0
C100224,42.0,Female,Gwangju,Premium,Monthly,Card,2022-08-12,40.0,77.5,1.0,0.0,4.0,Yes,0
C100582,41.0,Male,Seoul,Basic,One-year,Bank transfer,2023-05-05,31.0,19.4,0.0,0.0,10.5,Yes,0
C100146,37.0,Male,Seoul,Standard,Monthly,Card,2022-11-26,37.0,46.5,1.0,2.0,1.7,No,0
C100591,20.0,Male,Daejeon,Standard,One-year,Card,2022-10-19,38.0,44.2,2.0,0.0,4.9,No,0
C100003,20.0,Male,Busan,Premium,Monthly,Card,2025-11-28,1.0,69.4,1.0,2.0,1.1,No,1
C100317,37.0,Female,Daejeon,Premium,Monthly,Card,2022-11-25,37.0,76.9,1.0,0.0,0.9,No,0
C100540,22.0,Female,Busan,Basic,Monthly,Bank transfer,2023-11-26,25.0,21.7,2.0,0.0,2.8,No,0
C100001,45.0,Male,,Standard,One-year,Bank transfer,2023-11-15,25.0,44.3,2.0,1.0,2.6,No,0
C100389,58.0,Male,Seoul,Standard,Two-year,Card,2025-07-10,5.0,49.4,0.0,1.0,0.7,Yes,0
C100037,54.0,Female,Daejeon,Standard,Monthly,Mobile,2025-01-01,11.0,49.6,0.0,0.0,4.0,Yes,0
C100177,39.0,Female,Busan,Basic,Two-year,Card,2024-08-20,16.0,19.0,1.0,3.0,0.9,Yes,1
C100219,45.0,Female,Seoul,Standard,One-year,Mobile,2022-07-05,41.0,35.0,3.0,3.0,9.5,Yes,0
C100110,43.0,Female,Gwangju,Standard,Two-year,Mobile,2025-10-04,2.0,51.4,1.0,0.0,5.1,No,0
C100042,101.0,Female,Daejeon,Basic,One-year,Card,2022-06-08,42.0,14.3,,1.0,4.4,No,0
C100070,39.0,Male,Daejeon,Basic,One-year,Mobile,2023-03-01,34.0,31.7,0.0,0.0,9.0,Yes,0
C100032,49.0,Male,Daegu,Basic,Monthly,Card,2022-02-20,46.0,21.2,3.0,0.0,4.9,Yes,0
C100243,39.0,Female,Gwangju,Basic,One-year,Virtual account,2025-02-20,10.0,11.8,2.0,0.0,2.8,No,1
C100162,39.0,Male,Seoul,Premium,Two-year,Mobile,2024-10-25,14.0,72.9,2.0,0.0,4.6,Yes,0
C100529,54.0,Male,Seoul,Basic,One-year,Card,2024-10-11,14.0,20.6,1.0,0.0,3.9,No,0
