shipment_id,order_date,distance_km,weight_kg,traffic_level,weather,vehicle_type,priority,driver_experience_years,warehouse_wait_min,package_type,temperature_c,delivery_time_min
SHP00001,2026-05-24,23.9,5.0,high,clear,car,normal,5.5,22.5,fragile,1.2,94.4
SHP00002,2026-07-06,122.1,10.8,high,clear,car,express,0,12.6,large,28.4,166.0
SHP00003,2026-07-03,40.5,8.3,high,clear,van,normal,5.1,8.8,large,18.6,104.6
SHP00004,2026-06-08,100.2,7.2,medium,clear,van,express,8.7,22.8,large,1.7,144.2
SHP00005,2026-07-05,87.5,14.8,medium,clear,car,express,7.7,87.6,small,2.3,178.2
SHP00006,2026-05-20,89.1,8.5,medium,snow,van,normal,6.2,8.2,,-2.8,155.8
SHP00007,2026-05-18,139.6,9.7,medium,clear,car,normal,,14.4,medium,9.1,154.4
SHP00008,2026-08-02,152.6,7.7,high,clear,bike,normal,6.3,21.3,large,20.5,219.4
SHP00009,2026-06-24,3.0,0.3,medium,clear,car,normal,2.8,17.5,medium,28.3,44.6
SHP00010,2026-08-10,28.9,12.6,high,rain,car,normal,9.6,27.7,large,23.5,101.9
SHP00011,2026-07-07,28.9,11.4,low,clear,van,normal,12.1,21.8,medium,9.9,60.5
SHP00012,2026-05-12,109.3,15.9,medium,clear,car,express,2.9,19.3,fragile,25.9,139.3
SHP00013,2026-05-06,102.6,6.7,medium,clear,car,express,5.6,30.8,medium,21.6,140.8
SHP00014,2026-08-08,149.7,9.5,low,rain,van,same_day,1.0,23.1,fragile,0.4,166.7
SHP00015,2026-06-16,155.4,,high,clear,car,normal,3.2,12.6,medium,30.2,218.7
SHP00016,2026-05-25,118.9,9.1,medium,clear,bike,normal,6.0,20.5,large,8.3,179.6
SHP00017,2026-05-17,42.9,7.5,medium,clear,van,normal,2.4,1.7,medium,19.1,95.8
SHP00018,2026-06-30,12.9,1.5,medium,clear,car,same_day,1.4,13.4,,20.8,57.0
SHP00019,2026-07-06,103.3,9.1,high,snow,car,normal,6.6,26.5,small,16.6,167.6
SHP00020,2026-06-01,83.8,7.6,medium,clear,car,express,0,13.6,,19.7,113.1
SHP00021,2026-08-03,168.0,6.1,high,clear,bike,express,1.2,37.0,fragile,11.1,234.6
SHP00022,2026-05-12,89.7,13.1,low,clear,bike,normal,,17.2,medium,-1.7,130.3
SHP00023,2026-06-06,39.3,8.8,low,rain,car,express,6.8,29.6,large,30.9,95.6
SHP00024,2026-05-08,44.9,9.3,medium,clear,van,normal,3.0,6.2,fragile,7.2,91.4
SHP00025,2026-06-15,43.6,3.4,medium,clear,bike,normal,5.4,9.8,medium,5.3,73.0
SHP00026,2026-06-06,146.6,4.7,high,rain,car,normal,5.1,22.2,medium,-2.2,209.2
SHP00027,2026-06-19,178.9,9.5,high,clear,car,normal,10.0,16.6,large,24.2,218.5
SHP00028,2026-08-06,152.5,17.8,medium,snow,van,normal,7.5,21.7,fragile,21.3,211.8
SHP00029,2026-08-12,55.8,0.3,medium,rain,bike,normal,9.0,18.2,medium,6.4,102.6
SHP00030,2026-06-15,122.7,3.9,medium,clear,car,normal,4.0,12.3,small,24.7,160.1
SHP00031,2026-06-11,102.1,2.9,medium,clear,bike,normal,,19.1,fragile,11.7,155.8
SHP00032,2026-05-27,14.5,4.7,high,clear,van,normal,6.2,28.7,fragile,19.1,105.8
SHP00033,2026-05-21,31.2,9.1,medium,snow,van,normal,4.7,25.1,small,11.7,120.3
SHP00034,2026-05-29,62.3,2.8,medium,clear,car,normal,0,24.4,medium,19.2,108.5
SHP00035,2026-05-08,75.7,15.0,low,clear,van,normal,5.9,27.6,medium,19.8,104.0
SHP00036,2026-05-04,123.2,,medium,snow,car,normal,5.3,24.8,medium,-0.1,187.1
SHP00037,2026-05-30,96.1,6.8,low,snow,car,normal,5.4,28.4,fragile,18.5,156.1
SHP00038,2026-06-27,115.5,1.5,medium,clear,car,normal,8.9,16.4,small,7.8,127.4
SHP00039,2026-06-23,33.2,12.4,medium,clear,car,same_day,0,22.9,medium,31.8,77.7
SHP00040,2026-07-04,33.7,4.6,low,clear,car,normal,7.1,9.9,small,16.6,59.1
SHP00041,2026-08-07,27.8,11.4,medium,clear,car,normal,5.1,19.4,fragile,22.4,100.6
SHP00042,2026-05-01,10.0,6.5,medium,clear,car,normal,1.5,4.6,fragile,7.5,54.0
SHP00043,2026-05-06,60.9,6.4,low,clear,car,express,6.7,1.7,fragile,5.6,50.8
SHP00044,2026-06-13,158.9,12.4,low,clear,car,normal,1.6,14.5,small,25.5,171.7
SHP00045,2026-08-09,77.6,10.5,low,clear,car,normal,7.5,17.5,medium,29.7,111.7
SHP00046,2026-08-08,84.2,0.3,medium,rain,car,express,1.0,17.6,medium,28.1,111.8
SHP00047,2026-08-06,101.9,10.4,medium,,car,normal,7.6,33.5,large,22.8,174.8
SHP00048,2026-05-12,161.9,8.3,medium,rain,van,express,6.0,32.3,small,3.3,188.4
SHP00049,2026-05-20,138.1,13.0,high,clear,car,normal,1.8,36.0,large,16.7,210.8
SHP00050,2026-07-07,145.9,12.5,low,clear,car,same_day,2.6,23.6,small,1.4,134.1
SHP00051,2026-05-05,23.5,15.0,medium,clear,car,normal,2.6,21.6,small,19.8,81.9
SHP00052,2026-08-02,22.8,13.9,low,clear,bike,express,0.7,1.3,medium,12.7,49.9
SHP00053,2026-07-09,27.5,1.8,high,clear,van,express,6.9,16.5,medium,18.7,85.8
SHP00054,2026-05-25,83.1,1.8,medium,rain,car,express,7.5,22.9,small,27.5,129.3
SHP00055,2026-06-06,80.9,10.7,medium,clear,car,normal,6.2,21.8,fragile,24.6,128.7
SHP00056,2026-06-28,11.4,17.7,high,snow,car,normal,5.7,13.4,large,19.7,114.4
SHP00057,2026-06-29,62.6,12.9,medium,clear,van,normal,7.5,8.2,medium,12.4,111.7
SHP00058,2026-07-17,39.7,8.7,low,clear,car,normal,5.9,22.9,fragile,14.4,81.2
SHP00059,2026-07-19,178.7,0.3,high,clear,car,normal,3.4,30.3,medium,25.2,225.4
SHP00060,2026-06-13,164.5,7.3,medium,snow,bike,normal,4.2,16.0,medium,7.9,231.4
SHP00061,2026-05-06,142.1,9.4,medium,clear,car,normal,5.6,16.5,large,6.6,182.4
SHP00062,2026-06-24,147.9,22.3,high,clear,car,express,3.9,19.6,medium,8.1,191.8
SHP00063,2026-05-04,125.2,2.0,low,clear,car,normal,8.5,5.5,fragile,15.1,123.0
SHP00064,2026-05-28,83.9,3.4,medium,clear,car,express,0,6.0,small,14.3,61.1
SHP00065,2026-07-17,167.1,12.0,low,rain,van,same_day,3.3,10.6,small,24.8,163.9
SHP00066,2026-06-11,63.7,11.9,high,rain,car,express,4.7,15.9,fragile,24.4,134.4
SHP00067,2026-07-31,115.9,13.4,medium,,car,same_day,6.1,9.4,small,7.5,123.7
SHP00068,2026-06-22,19.5,5.9,medium,rain,bike,normal,7.5,15.9,medium,17.8,87.9
SHP00069,2026-05-05,92.6,0.6,medium,clear,van,express,7.2,33.1,fragile,26.6,138.7
SHP00070,2026-05-10,19.3,10.5,low,rain,car,normal,5.8,30.3,large,26.0,81.0
SHP00071,2026-06-20,103.9,1.6,high,rain,bike,normal,5.1,30.6,small,0.9,199.0
SHP00072,2026-05-04,116.0,5.0,low,clear,car,express,0,22.2,large,30.9,135.4
SHP00073,2026-08-06,133.2,5.9,medium,clear,car,express,9.8,27.9,medium,18.7,141.6
SHP00074,2026-06-22,163.2,11.0,high,clear,car,normal,7.0,23.5,medium,-1.7,227.2
SHP00075,2026-07-14,82.3,2.6,medium,clear,van,express,11.0,17.5,large,8.1,109.4
SHP00076,2026-07-16,130.9,11.7,medium,clear,car,express,0.9,33.0,small,26.0,161.9
SHP00077,2026-08-13,113.5,19.4,high,clear,car,normal,6.5,2.7,medium,3.6,164.2
SHP00078,2026-06-11,166.8,4.2,low,rain,car,normal,2.7,21.0,fragile,-0.6,215.5
SHP00079,2026-05-02,45.7,12.2,low,clear,van,express,7.8,19.6,medium,8.2,75.5
SHP00080,2026-05-17,47.9,6.8,medium,clear,bike,normal,0.9,9.6,small,-1.3,101.3
SHP00081,2026-05-27,118.6,10.7,low,clear,car,normal,6.1,10.6,small,10.4,124.1
SHP00082,2026-06-11,93.6,7.1,medium,clear,bike,normal,2.1,30.8,small,20.3,143.2
SHP00083,2026-06-03,123.9,12.1,medium,clear,car,normal,7.7,12.1,medium,11.4,166.5
SHP00084,2026-07-27,82.1,2.9,low,clear,car,normal,5.9,10.7,medium,28.4,70.4
SHP00085,2026-08-06,43.8,9.6,low,clear,bike,normal,7.0,24.4,large,28.8,87.2
SHP00086,2026-07-05,3.8,2.5,medium,clear,bike,normal,8.0,28.6,medium,22.1,82.0
SHP00087,2026-07-17,24.2,6.5,high,clear,car,normal,3.8,14.1,medium,29.3,75.9
SHP00088,2026-07-20,89.6,0.5,low,rain,bike,normal,4.5,13.1,small,11.7,128.3
SHP00089,2026-07-15,179.5,3.2,low,clear,bike,same_day,2.3,24.7,fragile,17.7,164.4
SHP00090,2026-06-01,39.0,20.2,medium,rain,car,express,2.3,28.4,fragile,4.9,103.0
SHP00091,2026-07-20,168.7,8.2,medium,clear,car,normal,8.2,13.8,small,13.0,168.4
SHP00092,2026-05-23,48.4,17.3,medium,clear,car,express,5.8,3.3,medium,31.2,73.7
SHP00093,2026-07-04,36.7,2.7,high,clear,car,express,10.0,22.2,small,7.5,85.9
SHP00094,2026-08-01,167.2,5.9,low,clear,van,normal,2.7,14.5,medium,27.3,190.7
SHP00095,2026-07-23,44.5,2.0,high,clear,bike,normal,,14.8,medium,23.1,113.9
SHP00096,2026-07-18,131.7,13.6,low,clear,bike,express,0,0,small,-1.9,151.6
SHP00097,2026-06-16,122.2,10.3,high,rain,car,normal,8.7,21.6,fragile,10.8,208.1
SHP00098,2026-07-09,15.4,7.9,medium,clear,van,express,4.6,17.7,fragile,15.7,50.3
SHP00099,2026-07-06,120.6,9.0,high,clear,car,normal,2.0,15.5,large,19.1,167.8
SHP00100,2026-05-13,135.3,22.1,high,clear,van,same_day,4.7,11.3,fragile,23.7,186.8
SHP00101,2026-05-19,51.4,2.5,medium,clear,bike,normal,3.9,21.2,fragile,2.0,121.0
SHP00102,2026-06-14,150.6,16.9,medium,snow,car,express,2.2,2.5,medium,29.7,156.2
SHP00103,2026-05-30,75.6,11.5,medium,clear,van,normal,10.7,17.7,medium,32.6,115.7
SHP00104,2026-06-14,127.6,8.7,high,clear,car,normal,7.3,6.1,medium,-1.5,159.2
SHP00105,2026-07-23,116.5,3.9,medium,clear,car,express,5.5,16.7,small,26.2,119.0
SHP00106,2026-06-11,132.3,15.8,high,clear,van,normal,7.2,21.0,medium,15.6,189.7
SHP00107,2026-05-04,121.9,9.8,medium,clear,bike,normal,4.4,12.7,large,22.6,175.4
SHP00108,2026-07-30,139.8,6.1,low,snow,van,normal,6.7,18.2,fragile,13.6,183.9
SHP00109,2026-07-04,41.7,5.1,high,clear,car,same_day,7.7,14.2,small,4.9,79.9
SHP00110,2026-06-16,163.8,6.7,high,clear,van,normal,0,10.5,medium,8.2,213.2
SHP00111,2026-07-06,6.8,2.7,high,rain,car,normal,7.6,0,large,15.5,83.0
SHP00112,2026-05-29,106.8,5.0,low,clear,van,same_day,,26.8,small,31.7,116.4
SHP00113,2026-05-14,174.1,19.1,high,clear,van,express,5.7,26.5,medium,27.0,200.9
SHP00114,2026-07-29,64.3,15.1,medium,clear,van,express,3.4,6.4,large,6.0,102.8
SHP00115,2026-08-11,9.8,11.4,low,snow,van,same_day,8.2,15.9,,21.3,56.1
SHP00116,2026-05-10,15.9,,medium,rain,van,express,2.9,18.5,medium,22.0,77.1
SHP00117,2026-06-21,152.9,11.3,medium,rain,bike,express,5.6,22.9,medium,14.9,195.8
SHP00118,2026-06-08,143.5,6.2,medium,snow,car,same_day,7.4,20.7,medium,21.6,164.7
SHP00119,2026-07-20,134.1,9.1,medium,rain,car,normal,5.6,28.9,large,24.4,201.5
SHP00120,2026-06-22,79.6,17.7,low,rain,car,same_day,0.3,21.6,small,6.1,103.3
SHP00121,2026-05-22,64.7,16.2,low,rain,car,normal,11.6,9.1,fragile,27.4,94.7
SHP00122,2026-06-03,52.7,9.7,medium,clear,car,normal,4.1,119.5,small,24.3,136.7
SHP00123,2026-06-02,118.6,10.8,medium,clear,van,normal,2.0,6.7,small,8.2,152.4
SHP00124,2026-08-09,114.7,10.8,medium,clear,car,normal,7.2,16.5,large,25.5,147.8
SHP00125,2026-06-01,3.9,9.4,low,clear,car,express,4.8,24.7,small,20.4,33.6
SHP00126,2026-06-06,20.4,11.1,medium,rain,car,normal,4.7,24.0,medium,32.4,89.4
SHP00127,2026-05-02,19.2,6.7,low,clear,bike,express,3.1,4.9,fragile,3.7,41.9
SHP00128,2026-06-15,135.9,7.2,medium,clear,car,express,8.8,7.8,large,24.1,136.0
SHP00129,2026-07-04,143.0,0.3,low,rain,van,normal,11.3,18.8,medium,13.0,178.2
SHP00130,2026-06-13,55.8,9.0,medium,clear,van,normal,3.3,27.4,fragile,1.2,116.8
SHP00131,2026-06-22,150.7,10.3,high,snow,car,normal,4.6,5.1,large,3.9,212.9
SHP00132,2026-07-05,9.2,10.1,medium,clear,bike,express,8.1,12.2,fragile,15.4,58.7
SHP00133,2026-05-21,77.1,10.9,medium,clear,bike,normal,5.2,12.0,small,21.6,113.9
SHP00134,2026-07-24,133.6,6.0,low,rain,car,same_day,8.2,9.4,small,20.3,132.0
SHP00135,2026-07-22,81.8,10.7,medium,clear,car,express,0,10.8,large,23.5,116.0
SHP00136,2026-07-15,157.2,14.9,low,clear,car,same_day,4.5,13.5,fragile,32.8,178.0
SHP00137,2026-06-15,165.3,18.0,low,clear,van,express,6.8,3.4,fragile,23.8,156.7
SHP00138,2026-07-07,117.2,10.0,low,clear,van,normal,8.0,32.6,small,21.3,156.9
SHP00139,2026-08-04,77.6,9.8,medium,clear,car,normal,4.3,5.8,medium,22.8,99.5
SHP00140,2026-05-18,20.3,3.7,medium,clear,car,normal,1.9,25.6,small,29.2,76.6
SHP00141,2026-05-16,79.4,6.1,low,clear,car,normal,5.4,17.3,large,6.9,90.4
SHP00142,2026-05-11,141.3,2.2,high,clear,bike,normal,0,21.9,small,28.5,210.5
SHP00143,2026-05-20,84.4,7.3,low,clear,car,normal,6.6,20.4,medium,13.6,120.8
SHP00144,2026-08-02,129.2,7.1,low,rain,bike,same_day,9.7,7.2,small,27.9,123.3
SHP00145,2026-06-15,22.9,13.5,low,clear,car,normal,8.0,12.6,fragile,17.0,53.4
SHP00146,2026-07-10,151.3,12.7,low,clear,car,normal,5.6,2.5,small,11.3,147.8
SHP00147,2026-05-20,85.6,1.8,medium,rain,car,normal,6.9,0,large,14.6,131.4
SHP00148,2026-05-22,158.6,0.3,low,clear,car,normal,4.7,24.3,fragile,10.8,177.2
SHP00149,2026-07-24,129.5,9.8,low,clear,bike,express,8.3,22.4,small,22.4,139.3
SHP00150,2026-05-15,127.3,9.2,medium,clear,car,same_day,4.5,18.3,large,3.7,151.4
SHP00151,2026-07-04,154.6,9.9,medium,clear,car,express,6.6,24.7,medium,22.7,191.3
SHP00152,2026-06-28,60.2,0.6,high,clear,car,express,4.0,8.2,large,27.8,118.1
SHP00153,2026-06-20,54.1,,low,clear,van,same_day,6.9,11.9,small,26.0,77.6
SHP00154,2026-05-09,74.7,11.0,medium,clear,van,normal,2.3,10.6,large,1.0,128.0
SHP00155,2026-05-09,98.4,8.6,high,clear,van,normal,8.6,18.7,medium,15.3,156.1
SHP00156,2026-05-13,101.2,11.0,low,clear,car,normal,1.2,10.9,fragile,26.7,117.1
SHP00157,2026-07-04,159.7,6.2,medium,snow,car,normal,9.2,18.0,medium,12.8,192.2
SHP00158,2026-06-11,122.2,9.2,medium,rain,bike,same_day,4.4,29.5,large,25.6,161.3
SHP00159,2026-07-24,36.5,6.1,high,clear,car,normal,7.2,21.4,medium,32.6,100.7
SHP00160,2026-07-16,110.5,8.7,low,clear,van,normal,9.0,14.4,medium,-0.9,124.3
SHP00161,2026-07-25,138.8,8.3,high,clear,van,express,6.2,30.8,medium,3.1,164.8
SHP00162,2026-05-22,27.9,4.4,low,rain,van,express,9.0,22.7,medium,14.3,66.6
SHP00163,2026-08-11,173.1,0.3,high,clear,car,normal,7.5,13.0,small,13.3,203.9
SHP00164,2026-08-13,77.8,11.9,low,clear,bike,normal,5.7,21.8,medium,19.5,108.4
SHP00165,2026-05-31,54.3,10.6,low,rain,car,normal,8.4,20.7,large,28.2,103.5
SHP00166,2026-05-09,59.3,,medium,clear,van,normal,1.1,18.5,medium,31.2,125.1
SHP00167,2026-07-08,66.3,12.9,medium,clear,van,express,7.5,9.6,fragile,23.0,94.8
SHP00168,2026-06-05,91.7,14.8,low,clear,car,same_day,0,19.2,small,0.5,94.1
SHP00169,2026-07-06,36.8,3.9,high,snow,car,normal,9.3,14.7,fragile,29.3,122.7
SHP00170,2026-05-14,43.0,12.4,medium,clear,car,normal,0.7,9.1,fragile,30.3,75.5
SHP00171,2026-05-10,2.4,11.3,high,clear,van,normal,2.7,14.8,medium,-2.8,97.4
SHP00172,2026-05-11,93.6,11.8,low,snow,van,same_day,6.3,15.6,small,15.2,108.7
SHP00173,2026-07-07,109.1,23.1,high,clear,car,normal,2.7,13.8,medium,9.9,175.6
SHP00174,2026-08-08,147.3,5.0,low,clear,car,express,7.8,17.3,small,12.7,131.6
SHP00175,2026-06-12,87.4,8.3,medium,clear,van,normal,5.1,28.6,fragile,-2.3,148.6
SHP00176,2026-06-03,91.7,4.5,high,rain,car,same_day,4.2,32.9,large,7.2,182.7
SHP00177,2026-05-17,156.3,8.4,medium,clear,van,normal,5.5,19.1,fragile,16.2,206.1
SHP00178,2026-05-05,154.4,20.4,high,clear,bike,same_day,6.4,18.6,small,28.4,203.8
SHP00179,2026-06-03,9.7,0.3,low,clear,car,same_day,4.5,19.8,small,29.0,18
SHP00180,2026-07-13,54.7,5.5,low,clear,van,same_day,7.3,22.5,small,2.6,59.8
SHP00181,2026-05-17,115.2,4.6,medium,clear,bike,express,10.3,129.5,small,28.3,211.1
SHP00182,2026-07-12,104.3,23.8,medium,clear,van,normal,8.6,12.3,medium,23.7,139.6
SHP00183,2026-05-19,80.7,0.3,medium,rain,van,normal,,0,small,8.1,116.7
SHP00184,2026-06-08,13.2,5.2,high,clear,car,normal,6.8,13.2,small,7.1,82.9
SHP00185,2026-05-29,121.2,8.7,high,clear,car,express,5.4,16.8,small,-0.8,147.8
SHP00186,2026-07-04,130.2,2.8,low,rain,van,express,3.6,15.7,fragile,18.6,155.6
SHP00187,2026-08-11,48.8,8.5,low,clear,van,normal,6.4,28.3,medium,30.1,78.1
SHP00188,2026-06-02,168.1,11.7,high,clear,car,same_day,3.6,29.7,small,14.4,198.2
SHP00189,2026-07-13,82.3,12.6,low,rain,car,normal,5.3,15.9,small,-2.7,106.5
SHP00190,2026-08-01,124.8,3.2,low,clear,van,express,4.0,20.1,medium,-0.8,137.7
SHP00191,2026-06-09,117.0,10.8,medium,clear,van,same_day,4.3,8.6,medium,14.0,119.1
SHP00192,2026-06-20,83.7,11.3,medium,clear,car,express,7.8,21.3,small,9.0,109.8
SHP00193,2026-05-09,90.2,8.5,medium,rain,car,normal,6.9,13.4,medium,32.1,146.2
SHP00194,2026-07-18,133.0,4.3,low,clear,bike,same_day,11.4,17.7,fragile,22.6,124.6
SHP00195,2026-05-28,17.2,14.3,medium,,bike,normal,0.3,21.6,,16.8,93.7
SHP00196,2026-05-28,16.8,15.0,medium,rain,bike,normal,5.8,23.3,fragile,14.3,90.0
SHP00197,2026-07-05,90.3,0.9,high,clear,van,normal,9.3,18.8,fragile,17.1,140.1
SHP00198,2026-06-25,49.7,,low,clear,car,normal,7.5,6.7,medium,14.6,58.8
SHP00199,2026-06-13,57.3,5.7,medium,rain,car,normal,9.2,18.1,fragile,6.9,105.5
SHP00200,2026-05-05,30.6,,high,clear,car,normal,5.0,16.4,medium,1.4,76.8
SHP00201,2026-05-15,44.3,,medium,clear,car,express,4.5,23.1,medium,23.7,79.0
SHP00202,2026-05-24,169.7,6.7,low,clear,car,normal,4.0,18.0,small,19.9,171.2
SHP00203,2026-08-12,74.3,7.2,medium,clear,bike,express,5.0,20.7,medium,20.4,100.1
SHP00204,2026-06-03,92.6,8.3,low,rain,car,same_day,7.1,17.6,small,9.5,87.3
SHP00205,2026-07-03,171.8,7.5,low,rain,van,normal,4.1,32.6,medium,29.5,214.5
SHP00206,2026-06-14,35.2,7.6,medium,clear,van,normal,4.8,17.4,small,28.1,75.4
SHP00207,2026-06-30,68.9,11.5,medium,rain,car,express,10.1,17.6,fragile,23.9,96.6
SHP00208,2026-07-25,93.0,6.6,high,snow,van,normal,6.7,20.1,large,25.7,198.5
SHP00209,2026-05-06,60.1,0.3,high,clear,car,express,1.3,32.9,fragile,32.9,119.1
SHP00210,2026-06-11,148.9,14.4,low,clear,van,normal,7.3,26.1,large,22.4,162.7
SHP00211,2026-06-10,153.2,2.2,medium,rain,bike,same_day,5.1,21.4,medium,16.4,181.6
SHP00212,2026-06-20,133.1,8.9,low,clear,car,normal,4.4,32.2,large,19.0,166.1
SHP00213,2026-05-11,172.9,10.6,high,clear,van,express,2.9,15.6,large,25.7,199.2
SHP00214,2026-06-13,12.3,7.0,medium,clear,car,normal,3.3,26.1,small,4.4,66.3
SHP00215,2026-06-01,12.7,16.3,high,snow,car,normal,1.8,20.0,fragile,2.3,124.4
SHP00216,2026-07-25,56.9,4.3,medium,rain,car,normal,4.3,1.8,,13.8,97.7
SHP00217,2026-05-06,157.0,7.0,high,clear,bike,express,1.5,10.8,medium,19.0,197.0
SHP00218,2026-06-29,100.8,6.8,medium,clear,van,normal,7.5,17.0,fragile,21.7,142.0
SHP00219,2026-06-12,46.6,8.1,medium,clear,van,normal,0,13.9,large,20.4,98.3
SHP00220,2026-05-26,76.2,10.3,low,clear,car,express,2.6,27.3,small,-3.0,89.5
SHP00221,2026-07-03,136.0,5.6,medium,clear,van,normal,0.8,16.2,large,17.1,176.3
SHP00222,2026-07-10,134.6,2.5,low,clear,bike,normal,9.9,23.3,medium,5.0,157.6
SHP00223,2026-07-31,116.9,19.6,high,rain,bike,express,1.7,0,medium,19.9,159.6
SHP00224,2026-07-06,177.3,0.3,medium,clear,van,normal,8.0,34.3,large,23.1,216.6
SHP00225,2026-07-09,157.4,14.8,high,clear,car,normal,10.1,22.2,fragile,20.3,221.7
SHP00226,2026-06-20,7.6,14.4,low,clear,car,normal,8.7,13.8,medium,1.1,45.3
SHP00227,2026-05-27,175.1,4.0,medium,clear,bike,same_day,7.0,39.3,medium,23.2,193.5
SHP00228,2026-07-25,46.9,9.6,medium,clear,car,normal,2.2,23.7,small,3.3,109.3
SHP00229,2026-07-16,140.9,13.3,medium,clear,bike,normal,5.8,11.8,medium,1.5,179.8
SHP00230,2026-07-15,23.1,6.2,low,clear,car,normal,7.1,8.1,fragile,-2.8,54.0
SHP00231,2026-08-04,37.7,7.8,high,clear,car,normal,9.0,34.9,medium,13.8,108.7
SHP00232,2026-06-06,165.2,12.0,medium,,van,normal,7.5,34.1,large,22.1,222.9
SHP00233,2026-07-05,63.0,5.4,medium,,van,normal,2.4,12.8,large,32.7,119.4
SHP00234,2026-08-07,174.8,4.7,low,rain,van,express,4.3,19.7,large,9.9,199.8
SHP00235,2026-07-23,55.8,1.8,medium,clear,car,express,6.9,17.7,medium,21.6,68.9
SHP00236,2026-07-17,45.1,4.8,medium,clear,van,normal,10.5,33.9,small,10.0,88.2
SHP00237,2026-06-15,98.4,7.8,medium,clear,van,express,0.1,22.2,large,16.3,143.0
SHP00238,2026-08-04,157.4,,high,clear,van,normal,6.0,12.7,medium,3.6,206.4
SHP00239,2026-06-21,107.2,13.7,high,clear,van,express,2.2,29.9,medium,23.4,173.0
SHP00240,2026-06-01,7.7,7.9,high,clear,car,express,0.6,19.9,large,30.6,73.5
SHP00241,2026-05-03,7.2,10.8,low,rain,car,normal,6.7,21.8,small,13.3,60.0
SHP00242,2026-06-04,145.8,13.2,medium,rain,van,same_day,0,3.2,medium,7.9,171.5
SHP00243,2026-07-16,101.8,8.8,low,rain,car,normal,,22.8,medium,2.1,124.0
SHP00244,2026-06-01,103.6,13.6,high,rain,van,same_day,5.5,13.3,medium,2.0,157.5
SHP00245,2026-06-24,141.5,6.1,low,snow,bike,same_day,8.8,17.5,small,25.6,161.1
SHP00246,2026-05-05,160.4,,medium,clear,car,express,6.6,35.8,fragile,3.6,195.5
SHP00247,2026-06-20,134.4,16.5,low,clear,bike,normal,6.1,32.5,medium,15.2,176.1
SHP00248,2026-05-02,167.2,5.5,high,,car,express,4.4,17.4,large,14.6,229.1
SHP00249,2026-05-09,7.2,2.1,high,rain,car,express,4.5,34.0,small,16.0,91.8
SHP00250,2026-06-01,69.4,11.3,medium,clear,car,normal,7.8,15.0,medium,9.9,107.5
SHP00251,2026-06-27,149.8,4.2,medium,clear,bike,express,3.1,30.0,large,12.6,188.7
SHP00252,2026-07-30,135.2,10.4,high,clear,van,same_day,0.6,9.2,large,31.4,194.5
SHP00253,2026-07-15,64.3,9.0,high,rain,bike,same_day,5.4,19.2,medium,2.4,137.6
SHP00254,2026-05-14,49.0,6.2,low,clear,car,normal,4.0,18.3,medium,16.6,74.9
SHP00255,2026-05-01,25.7,4.1,high,clear,car,normal,5.3,8.9,medium,12.8,86.5
SHP00256,2026-07-06,39.5,0.3,medium,clear,car,normal,11.0,26.9,fragile,-1.2,88.3
SHP00257,2026-08-12,80.2,9.1,low,clear,car,express,6.0,21.6,medium,14.2,92.5
SHP00258,2026-08-03,161.6,6.0,low,clear,car,normal,4.8,34.8,medium,27.9,170.0
SHP00259,2026-08-04,130.4,5.9,high,rain,van,normal,8.7,10.5,medium,9.7,212.2
SHP00260,2026-06-24,131.5,14.9,medium,,van,normal,0,4.8,small,18.4,184.8
SHP00261,2026-05-30,73.2,6.7,medium,clear,bike,normal,5.1,34.2,,6.3,135.8
SHP00262,2026-07-08,107.4,3.7,high,snow,bike,normal,1.6,22.0,fragile,24.1,204.7
SHP00263,2026-06-17,161.4,4.7,medium,clear,car,normal,6.2,12.0,fragile,27.9,179.2
SHP00264,2026-08-12,71.0,12.3,medium,rain,van,express,2.4,9.7,large,6.3,120.7
SHP00265,2026-07-27,95.1,10.6,medium,rain,car,normal,2.9,17.4,large,9.8,151.8
SHP00266,2026-07-03,108.3,3.9,low,clear,bike,express,0,15.1,large,23.7,134.6
SHP00267,2026-06-11,113.2,2.1,low,snow,van,normal,4.6,22.3,medium,17.0,156.5
SHP00268,2026-07-27,95.2,16.8,low,rain,van,express,0,7.0,medium,11.0,104.6
SHP00269,2026-05-26,53.4,7.1,low,rain,car,same_day,,24.0,medium,2.8,82.1
SHP00270,2026-05-15,132.3,0.3,medium,clear,van,normal,5.0,26.8,fragile,-2.9,174.6
SHP00271,2026-06-23,150.3,11.3,medium,clear,van,express,0.6,24.7,small,17.0,195.4
SHP00272,2026-08-11,74.7,9.5,low,rain,van,express,,10.7,medium,6.8,99.2
SHP00273,2026-07-01,16.8,13.7,low,clear,car,normal,3.8,10.0,medium,21.8,36.1
SHP00274,2026-07-17,75.8,5.6,medium,rain,car,same_day,0,2.1,,25.7,109.4
SHP00275,2026-07-16,179.6,12.0,low,clear,car,normal,4.4,13.5,medium,15.0,184.3
SHP00276,2026-05-07,148.3,12.5,low,rain,van,normal,4.9,14.1,large,31.1,186.8
SHP00277,2026-05-19,12.8,14.5,high,clear,bike,normal,4.6,14.9,large,29.7,100.5
SHP00278,2026-05-31,154.8,11.4,high,rain,van,same_day,6.1,6.5,medium,1.2,192.7
SHP00279,2026-06-06,52.8,11.8,medium,clear,van,normal,0.9,6.1,medium,12.6,113.6
SHP00280,2026-06-13,34.7,,low,clear,bike,normal,2.0,3.2,small,-1.3,70.0
SHP00281,2026-06-23,174.5,14.5,low,clear,van,normal,3.4,33.7,medium,3.8,206.8
SHP00282,2026-07-16,59.5,11.0,medium,clear,car,same_day,4.5,19.9,medium,3.4,96.1
SHP00283,2026-07-30,15.4,5.8,high,clear,car,normal,5.5,22.1,large,1.1,92.1
SHP00284,2026-07-24,176.7,12.9,low,clear,van,same_day,2.4,22.4,fragile,26.1,165.4
SHP00285,2026-07-27,162.9,3.1,medium,clear,van,normal,3.2,30.3,small,13.6,210.5
SHP00286,2026-05-14,123.6,8.1,medium,clear,van,normal,7.2,11.8,,-0.5,174.1
SHP00287,2026-07-31,148.3,3.3,low,rain,car,express,4.5,17.1,large,5.8,170.1
SHP00288,2026-05-22,9.4,9.6,high,clear,bike,normal,8.9,24.1,small,15.9,88.0
SHP00289,2026-05-31,116.0,16.4,medium,clear,car,express,7.8,29.3,small,-2.8,116.7
SHP00290,2026-07-30,164.5,10.7,high,clear,car,same_day,3.3,25.0,medium,11.1,195.9
SHP00291,2026-07-29,62.0,3.1,medium,clear,car,normal,6.2,31.2,large,26.0,108.8
SHP00292,2026-06-11,134.6,3.6,high,clear,van,normal,0,19.2,fragile,4.7,202.6
SHP00293,2026-05-12,143.1,13.4,low,clear,car,express,4.8,19.2,medium,2.4,130.3
SHP00294,2026-07-18,65.5,1.6,high,,van,normal,4.3,20.4,small,24.7,138.9
SHP00295,2026-05-18,137.6,0.3,low,clear,van,express,6.2,8.3,medium,28.6,144.0
SHP00296,2026-06-09,45.7,0.3,low,clear,car,normal,1.7,16.4,medium,25.0,73.6
SHP00297,2026-06-08,40.1,6.7,medium,clear,car,same_day,3.7,12.2,small,14.4,47.2
SHP00298,2026-07-01,135.8,1.0,low,rain,bike,express,3.7,16.8,medium,23.9,150.9
SHP00299,2026-05-13,43.4,16.0,medium,clear,bike,normal,1.4,0,medium,31.3,84.1
SHP00300,2026-07-15,37.4,10.1,high,clear,car,normal,10.2,9.4,small,-1.7,98.9
SHP00301,2026-05-20,47.6,1.9,medium,clear,van,normal,2.9,20.7,medium,16.7,98.7
SHP00302,2026-05-14,115.0,16.5,low,clear,car,normal,6.0,16.8,large,2.0,123.9
SHP00303,2026-07-05,76.7,3.1,low,rain,van,express,,16.1,small,28.0,81.2
SHP00304,2026-06-07,10.0,7.0,high,clear,car,normal,7.9,29.1,medium,1.2,103.9
SHP00305,2026-07-12,162.2,9.0,medium,rain,car,normal,1.1,23.4,medium,7.6,210.4
SHP00306,2026-06-19,23.4,6.2,low,clear,car,express,4.2,5.7,fragile,25.3,49.7
SHP00307,2026-05-13,35.9,7.2,high,clear,car,normal,4.5,11.8,medium,5.5,88.3
SHP00308,2026-06-01,82.1,10.6,medium,clear,car,express,6.6,25.0,small,2.5,117.3
SHP00309,2026-05-14,125.5,9.8,medium,snow,bike,normal,4.8,19.2,small,0.4,173.9
SHP00310,2026-06-09,92.8,6.4,high,clear,van,normal,,3.6,medium,1.4,153.1
SHP00311,2026-05-25,74.2,0.3,medium,rain,van,normal,9.0,9.8,fragile,16.5,148.0
SHP00312,2026-08-11,30.0,,medium,clear,car,normal,1.2,0,medium,4.1,66.0
SHP00313,2026-05-10,148.2,9.6,medium,clear,car,normal,6.4,10.0,medium,10.4,182.8
SHP00314,2026-07-22,126.6,8.2,medium,snow,car,normal,7.6,16.2,small,21.1,180.8
SHP00315,2026-05-08,159.6,3.3,high,clear,bike,express,6.5,18.6,large,25.8,192.5
SHP00316,2026-05-28,157.4,13.0,high,clear,van,express,4.6,18.7,small,18.8,189.9
SHP00317,2026-05-19,104.6,1.6,medium,rain,van,normal,6.0,10.7,large,10.6,150.8
SHP00318,2026-06-25,53.1,4.5,medium,clear,van,normal,7.5,5.4,small,9.2,95.7
SHP00319,2026-07-04,159.6,8.4,medium,rain,car,same_day,9.4,14.9,small,3.0,163.4
SHP00320,2026-07-21,104.0,13.9,medium,rain,car,normal,7.1,28.8,medium,31.8,155.5
SHP00321,2026-06-24,119.1,0.3,low,clear,car,express,4.9,24.0,small,32.4,125.3
SHP00322,2026-05-20,44.4,12.1,low,clear,car,express,0.2,15.0,medium,21.4,53.1
SHP00323,2026-07-21,84.6,16.8,high,clear,van,express,7.8,34.7,small,-3.0,153.6
SHP00324,2026-06-22,69.2,5.7,medium,clear,bike,normal,,20.3,large,1.2,118.1
SHP00325,2026-07-28,55.5,12.3,medium,,van,express,0,9.1,large,32.7,131.8
SHP00326,2026-08-07,132.0,11.3,medium,clear,car,same_day,3.4,5.9,large,9.9,129.8
SHP00327,2026-05-15,127.6,10.3,high,clear,van,normal,2.6,17.7,medium,12.4,185.7
SHP00328,2026-07-01,150.7,5.7,high,clear,car,normal,6.2,24.9,medium,32.2,208.0
SHP00329,2026-06-22,156.0,4.1,medium,clear,van,express,7.7,14.3,medium,16.8,155.0
SHP00330,2026-06-09,86.3,12.0,medium,,car,same_day,0,10.3,fragile,17.3,90.5
SHP00331,2026-07-11,4.0,14.2,medium,clear,car,express,,21.6,fragile,18.2,43.0
SHP00332,2026-07-25,39.8,0.7,medium,clear,van,express,9.3,18.6,large,25.2,61.2
SHP00333,2026-05-16,45.6,,low,clear,car,same_day,8.9,19.1,large,29.5,65.0
SHP00334,2026-07-30,61.2,2.0,medium,clear,car,express,6.3,11.7,,21.2,86.6
SHP00335,2026-07-12,143.8,3.9,medium,rain,van,express,4.0,14.5,fragile,5.3,165.8
SHP00336,2026-05-23,60.5,6.8,low,clear,van,normal,3.9,24.7,medium,32.1,80.1
SHP00337,2026-05-09,97.5,2.4,medium,clear,bike,same_day,6.1,30.9,small,12.9,113.4
SHP00338,2026-07-24,44.5,7.0,medium,clear,car,normal,2.4,20.5,large,28.3,102.9
SHP00339,2026-07-17,27.8,9.6,medium,clear,car,normal,3.7,27.3,medium,29.2,104.7
SHP00340,2026-07-31,86.5,3.9,medium,rain,bike,normal,6.7,14.3,large,11.6,138.4
SHP00341,2026-06-28,91.8,5.8,medium,clear,bike,normal,3.0,24.8,fragile,28.0,131.7
SHP00342,2026-07-14,118.0,16.8,low,clear,van,same_day,2.6,19.0,,8.7,116.6
SHP00343,2026-07-23,147.8,7.0,medium,clear,bike,express,2.0,19.5,large,7.0,183.4
SHP00344,2026-07-12,100.9,3.8,medium,snow,car,express,0.9,33.3,large,20.4,168.2
SHP00345,2026-08-06,53.6,11.0,medium,rain,van,normal,2.5,9.6,small,14.1,113.9
SHP00346,2026-06-04,91.6,6.9,medium,rain,van,normal,2.9,23.7,large,11.4,164.6
SHP00347,2026-05-29,139.5,9.3,medium,clear,car,normal,6.3,27.4,medium,31.5,180.9
SHP00348,2026-06-08,136.2,17.5,medium,rain,car,express,7.5,13.3,large,32.6,177.8
SHP00349,2026-06-19,24.6,25.3,medium,clear,bike,express,5.2,13.3,small,-1.8,95.7
SHP00350,2026-05-06,100.5,6.8,high,rain,car,express,4.6,22.1,large,27.6,145.2
SHP00351,2026-06-22,114.5,11.7,medium,rain,car,express,8.5,12.1,small,15.0,155.4
SHP00352,2026-05-14,15.0,6.9,medium,clear,van,normal,6.4,11.6,small,24.7,52.4
SHP00353,2026-05-12,105.1,2.9,medium,clear,car,express,,18.9,small,23.7,125.0
SHP00354,2026-05-21,29.0,10.8,high,clear,car,normal,8.1,2.5,medium,16.7,97.4
SHP00355,2026-05-24,145.4,5.2,medium,snow,car,express,1.7,10.2,small,-0.7,187.5
SHP00356,2026-05-20,55.7,9.3,low,clear,van,express,3.8,20.8,small,2.4,47.2
SHP00357,2026-05-10,127.3,4.8,medium,clear,bike,normal,6.9,18.8,fragile,29.8,151.0
SHP00358,2026-08-01,100.3,8.4,medium,rain,van,normal,0,25.6,medium,28.8,156.0
SHP00359,2026-05-11,115.9,7.6,high,clear,car,normal,,24.1,small,8.9,173.4
SHP00360,2026-05-03,8.8,10.6,low,clear,car,express,5.0,5.3,small,28.4,34.5
SHP00361,2026-05-22,113.7,3.8,medium,rain,van,express,5.9,18.2,medium,26.6,155.8
SHP00362,2026-07-08,97.2,12.6,high,clear,car,normal,6.0,19.7,medium,18.1,157.8
SHP00363,2026-05-24,74.7,10.6,high,clear,van,express,7.0,17.3,medium,14.7,136.5
SHP00364,2026-07-28,79.6,4.6,medium,rain,car,normal,1.1,16.4,medium,25.7,138.3
SHP00365,2026-05-23,34.3,6.1,medium,clear,car,express,6.6,23.0,medium,29.6,76.2
SHP00366,2026-06-11,143.8,16.5,medium,rain,van,normal,0.3,11.9,fragile,15.7,202.1
SHP00367,2026-05-09,70.2,16.7,low,snow,car,same_day,3.5,4.7,large,2.9,105.1
SHP00368,2026-06-14,52.8,5.6,low,clear,van,same_day,5.2,32.7,medium,7.0,76.4
SHP00369,2026-05-24,66.3,7.2,medium,clear,car,normal,3.2,21.6,medium,3.1,130.5
SHP00370,2026-07-04,80.3,3.8,medium,rain,car,normal,7.2,9.8,large,25.0,135.9
SHP00371,2026-07-02,140.3,7.2,medium,clear,car,normal,3.2,16.3,large,27.6,168.7
SHP00372,2026-06-03,105.3,17.3,low,snow,van,normal,4.2,16.5,medium,2.4,165.0
SHP00373,2026-05-20,136.2,4.6,low,clear,bike,normal,3.9,28.1,large,5.5,162.1
SHP00374,2026-08-08,81.9,14.8,low,clear,bike,same_day,8.3,10.0,small,27.1,95.3
SHP00375,2026-07-03,99.2,12.6,high,clear,bike,express,0,9.1,small,21.5,142.5
SHP00376,2026-06-16,120.7,4.5,medium,clear,car,normal,4.6,28.4,medium,-0.9,155.6
SHP00377,2026-05-13,17.8,1.8,low,clear,bike,normal,4.1,21.4,medium,9.9,63.3
SHP00378,2026-07-13,116.8,10.5,medium,clear,car,same_day,8.7,17.6,small,4.8,124.0
SHP00379,2026-07-11,94.7,3.6,low,clear,car,express,0.7,14.4,small,12.6,83.3
SHP00380,2026-07-26,71.2,3.7,low,clear,car,normal,2.7,23.5,large,20.5,115.7
SHP00381,2026-06-21,90.9,9.5,high,clear,bike,normal,9.1,29.7,large,3.9,161.7
SHP00382,2026-05-17,64.5,9.6,medium,snow,bike,normal,3.0,26.1,small,21.4,119.1
SHP00383,2026-07-06,142.0,,medium,clear,car,same_day,2.8,25.1,large,9.8,158.7
SHP00384,2026-06-10,76.8,7.9,low,rain,van,express,2.9,12.8,fragile,7.5,108.4
SHP00385,2026-05-30,82.8,7.3,medium,rain,car,normal,6.4,16.0,small,20.8,126.7
SHP00386,2026-05-05,157.9,,medium,clear,van,normal,5.0,32.4,fragile,3.8,189.3
SHP00387,2026-07-12,14.0,8.6,low,rain,car,normal,5.9,23.3,medium,25.5,56.7
SHP00388,2026-08-09,6.0,16.9,medium,rain,car,normal,5.7,16.8,small,25.6,65.6
SHP00389,2026-08-07,160.4,2.7,medium,snow,van,normal,4.5,29.6,fragile,0.9,222.3
SHP00390,2026-05-19,132.1,2.1,high,clear,van,normal,3.3,0,medium,19.7,156.9
SHP00391,2026-05-04,62.7,5.3,medium,clear,car,same_day,4.5,23.0,medium,0.6,91.9
SHP00392,2026-06-05,71.9,7.5,low,clear,bike,normal,8.6,16.5,small,25.6,104.3
SHP00393,2026-05-12,135.2,0.3,medium,clear,van,normal,11.6,22.5,small,1.3,152.8
SHP00394,2026-05-05,173.8,13.8,medium,rain,car,normal,2.0,15.7,fragile,8.5,225.3
SHP00395,2026-08-01,4.0,10.3,low,rain,van,normal,6.9,12.0,fragile,32.9,68.7
SHP00396,2026-07-17,64.0,10.5,high,rain,bike,normal,1.1,22.6,small,5.3,161.7
SHP00397,2026-08-08,114.5,3.7,medium,clear,car,normal,2.6,7.9,small,16.3,131.7
SHP00398,2026-05-11,17.2,0.3,medium,clear,car,normal,3.0,18.9,large,0.0,80.1
SHP00399,2026-06-19,140.3,12.0,medium,clear,van,normal,6.2,23.3,medium,16.3,180.4
SHP00400,2026-06-23,5.6,,low,clear,van,normal,1.6,28.6,medium,14.5,38.0
SHP00401,2026-08-09,116.3,9.6,low,clear,car,normal,2.7,14.4,small,12.6,117.9
SHP00402,2026-05-08,179.0,8.4,medium,clear,bike,normal,3.0,111.4,medium,9.8,285.0
SHP00403,2026-05-29,126.6,10.3,high,clear,van,express,7.9,17.1,large,15.4,161.3
SHP00404,2026-08-14,173.3,13.8,high,clear,car,same_day,5.6,40.5,medium,25.1,208.2
SHP00405,2026-05-15,176.5,13.5,low,rain,car,normal,0,16.0,medium,6.4,192.0
SHP00406,2026-08-13,3.8,10.0,low,rain,car,normal,3.5,25.7,fragile,17.9,52.7
SHP00407,2026-05-11,174.4,0.3,medium,rain,van,express,6.1,19.8,medium,6.1,192.2
SHP00408,2026-07-12,149.3,3.0,medium,clear,van,same_day,5.3,9.9,fragile,12.4,158.3
SHP00409,2026-05-06,72.4,3.8,medium,clear,car,normal,2.8,19.7,large,22.5,120.3
SHP00410,2026-08-06,141.2,12.0,medium,clear,van,same_day,9.2,20.2,fragile,11.4,145.2
SHP00411,2026-06-04,115.6,1.6,medium,,bike,express,4.9,20.8,large,-0.3,162.9
SHP00412,2026-05-16,138.8,6.3,medium,clear,bike,normal,4.7,36.0,medium,4.8,192.3
SHP00413,2026-07-12,136.9,6.0,low,rain,van,express,3.8,9.2,medium,31.6,134.8
SHP00414,2026-05-29,147.8,4.5,medium,rain,car,same_day,6.0,33.0,medium,4.5,160.3
SHP00415,2026-06-09,121.5,19.6,low,clear,car,normal,0.5,24.2,large,8.0,160.2
SHP00416,2026-05-06,60.2,9.7,low,snow,van,express,3.6,5.1,medium,12.4,106.4
SHP00417,2026-05-23,127.8,17.0,medium,rain,car,express,7.3,10.1,medium,8.0,149.6
SHP00418,2026-05-11,23.4,8.0,medium,rain,van,normal,3.7,9.4,small,11.1,76.5
SHP00419,2026-07-19,54.2,0.3,medium,clear,car,same_day,5.0,23.1,small,-1.5,99.3
SHP00420,2026-05-10,79.5,5.6,medium,rain,car,normal,5.5,27.0,small,0.4,138.0
SHP00421,2026-08-14,97.4,9.5,medium,rain,van,normal,9.2,19.8,large,7.2,166.1
SHP00422,2026-06-22,2.6,4.5,high,clear,van,normal,3.0,21.8,small,20.5,81.8
SHP00423,2026-07-27,41.7,8.5,medium,clear,van,normal,4.8,5.1,medium,30.6,84.4
SHP00424,2026-06-22,43.8,9.9,medium,snow,bike,normal,6.2,26.8,medium,-0.2,121.8
SHP00425,2026-06-20,151.3,1.7,high,clear,car,normal,2.4,6.2,small,19.7,183.0
SHP00426,2026-05-03,91.4,3.3,medium,clear,car,express,8.0,12.3,medium,-1.1,116.7
SHP00427,2026-06-17,46.0,15.5,low,clear,car,express,1.7,22.1,medium,14.7,87.2
SHP00428,2026-06-17,10.1,8.9,medium,clear,car,normal,4.5,21.8,,17.7,67.8
SHP00429,2026-05-23,112.0,2.0,low,rain,bike,express,4.5,16.2,medium,0.3,129.7
SHP00430,2026-05-16,137.5,12.3,low,clear,van,normal,,26.5,small,27.5,160.9
SHP00431,2026-05-01,74.5,4.8,high,clear,car,normal,2.2,28.3,medium,26.4,151.4
SHP00432,2026-07-13,66.1,9.0,medium,clear,van,normal,8.9,17.6,large,17.6,111.9
SHP00433,2026-05-02,99.1,4.1,medium,clear,van,normal,7.5,15.4,large,30.6,141.5
SHP00434,2026-08-12,155.8,,high,clear,car,normal,8.2,32.7,large,11.6,219.7
SHP00435,2026-06-13,110.7,9.6,low,clear,car,same_day,8.5,11.0,medium,22.2,88.4
SHP00436,2026-06-27,27.3,9.7,low,clear,bike,normal,4.9,12.6,large,27.4,66.7
SHP00437,2026-05-04,157.3,6.6,medium,clear,van,express,2.7,10.1,small,27.3,167.7
SHP00438,2026-05-08,151.2,2.0,medium,clear,van,normal,1.8,18.5,medium,24.6,174.2
SHP00439,2026-07-24,177.6,9.5,medium,clear,car,normal,7.2,13.0,small,14.1,197.9
SHP00440,2026-05-01,90.0,4.7,medium,clear,car,normal,12.3,13.5,medium,-1.4,104.8
SHP00441,2026-05-09,116.2,15.1,high,clear,van,normal,0,26.9,medium,18.7,198.0
SHP00442,2026-06-30,137.1,18.2,low,clear,car,express,2.1,12.2,large,1.2,151.6
SHP00443,2026-08-03,155.5,9.9,high,clear,van,normal,5.3,21.2,large,7.6,227.6
SHP00444,2026-07-29,155.0,10.7,high,rain,car,express,6.8,16.8,medium,8.1,201.6
SHP00445,2026-06-28,31.0,0.3,low,clear,car,normal,0,24.0,medium,-1.7,71.4
SHP00446,2026-05-26,158.3,6.1,medium,snow,van,same_day,1.2,20.5,large,-2.4,196.3
SHP00447,2026-06-16,133.0,13.1,high,clear,car,same_day,1.3,32.2,fragile,21.3,175.3
SHP00448,2026-06-25,158.4,3.0,low,clear,van,normal,16.4,30.4,small,9.4,156.3
SHP00449,2026-08-02,177.2,9.5,medium,rain,car,normal,9.7,11.0,small,32.1,210.1
SHP00450,2026-06-21,152.8,9.7,high,clear,car,same_day,7.6,5.9,small,22.7,164.2
SHP00451,2026-05-26,5.8,16.7,medium,rain,bike,same_day,5.6,17.9,fragile,18.5,74.4
SHP00452,2026-07-15,4.2,7.1,medium,clear,car,same_day,,7.7,medium,19.0,20.4
SHP00453,2026-07-27,41.0,8.7,medium,rain,van,normal,6.0,15.5,large,5.1,99.4
SHP00454,2026-06-19,126.3,14.0,medium,rain,van,normal,2.1,43.1,large,15.8,204.3
SHP00455,2026-05-22,179.4,4.5,low,rain,car,normal,4.1,20.9,medium,18.0,210.6
SHP00456,2026-07-02,126.2,1.1,high,clear,van,same_day,2.1,19.7,small,32.0,164.8
SHP00457,2026-05-05,130.7,1.9,high,rain,car,normal,1.8,2.4,medium,0.5,184.1
SHP00458,2026-08-13,147.0,6.8,low,rain,van,normal,8.6,28.6,large,19.5,184.6
SHP00459,2026-08-08,30.9,4.1,high,rain,bike,express,6.9,18.8,medium,12.9,108.7
SHP00460,2026-07-23,21.5,5.3,low,clear,car,normal,3.5,14.5,small,29.8,66.3
SHP00461,2026-07-12,16.7,6.3,low,clear,car,normal,3.9,16.6,medium,30.4,74.7
SHP00462,2026-05-24,174.6,8.0,high,rain,bike,express,9.4,15.2,large,-2.1,228.2
SHP00463,2026-05-07,102.7,5.5,medium,rain,van,express,2.0,10.5,medium,24.8,137.0
SHP00464,2026-07-22,100.9,11.4,low,clear,bike,same_day,5.9,108.0,fragile,10.3,169.7
SHP00465,2026-05-24,144.3,10.6,medium,clear,bike,normal,7.0,11.9,fragile,0.2,169.8
SHP00466,2026-07-06,78.5,16.5,medium,clear,van,normal,5.5,21.3,large,22.2,131.2
SHP00467,2026-06-07,70.6,3.3,medium,clear,bike,normal,2.9,18.4,small,12.4,125.3
SHP00468,2026-07-20,86.1,15.0,medium,,car,normal,7.5,24.4,small,6.0,135.2
SHP00469,2026-08-10,124.1,7.8,high,clear,van,normal,0,19.9,small,14.3,196.7
SHP00470,2026-05-01,122.7,10.3,high,clear,car,normal,8.6,14.3,small,-0.0,170.2
SHP00471,2026-06-01,109.2,13.7,high,clear,car,normal,6.5,29.9,small,9.2,166.6
SHP00472,2026-07-26,16.9,0.3,low,clear,bike,normal,2.7,15.5,large,9.0,75.8
SHP00473,2026-06-09,97.4,0.3,low,rain,van,express,3.2,18.7,medium,3.6,131.0
SHP00474,2026-05-04,165.6,6.4,medium,clear,van,normal,9.6,19.8,large,29.8,206.4
SHP00475,2026-05-04,137.4,15.5,medium,,car,express,9.0,13.6,small,13.8,147.9
SHP00476,2026-06-01,5.1,9.9,low,clear,car,express,0,21.7,small,17.3,29.2
SHP00477,2026-08-06,38.5,,high,clear,car,normal,6.4,32.5,medium,0.8,112.7
SHP00478,2026-07-10,137.6,11.0,low,rain,car,normal,3.0,10.8,small,8.6,158.6
SHP00479,2026-05-14,131.4,16.8,low,clear,van,same_day,,28.0,medium,25.4,150.2
SHP00480,2026-05-29,48.9,17.1,low,rain,car,same_day,4.2,15.0,small,2.2,60.1
SHP00481,2026-06-27,169.0,4.6,low,clear,bike,express,4.8,25.2,medium,0.5,171.1
SHP00482,2026-06-04,145.2,3.5,low,clear,car,express,12.5,24.8,fragile,-1.8,141.5
SHP00483,2026-06-12,159.2,15.9,medium,clear,bike,normal,,24.4,small,16.4,184.0
SHP00484,2026-08-07,22.5,16.2,medium,clear,bike,express,9.2,11.9,large,14.9,57.0
SHP00485,2026-06-01,35.5,21.1,medium,clear,car,express,3.7,35.2,large,5.4,115.7
SHP00486,2026-06-04,14.5,24.9,medium,rain,car,same_day,5.3,7.5,fragile,1.0,44.8
SHP00487,2026-05-13,118.1,14.2,medium,clear,car,express,5.9,18.2,large,26.6,144.4
SHP00488,2026-08-02,104.6,4.9,low,rain,car,normal,2.1,21.0,large,4.9,135.8
SHP00489,2026-06-13,118.6,12.8,medium,snow,bike,normal,2.2,16.5,medium,28.9,213.1
SHP00490,2026-05-20,166.9,15.1,medium,clear,car,express,5.3,22.0,fragile,30.2,182.9
SHP00491,2026-06-04,99.0,0.7,high,rain,car,express,5.6,24.3,large,6.1,166.8
SHP00492,2026-08-04,167.3,11.8,medium,clear,car,normal,5.7,21.1,large,7.4,213.6
SHP00493,2026-06-30,70.4,6.6,medium,clear,van,same_day,7.4,18.8,fragile,15.0,101.0
SHP00494,2026-05-11,26.6,16.8,medium,clear,car,same_day,4.4,3.8,fragile,29.6,50.9
SHP00495,2026-07-17,124.1,2.9,medium,clear,van,normal,7.3,11.4,small,28.1,144.2
SHP00496,2026-07-24,42.5,10.3,medium,clear,car,normal,3.3,20.7,fragile,7.3,114.7
SHP00497,2026-06-05,173.9,3.2,medium,clear,van,express,0.4,6.8,small,26.6,166.8
SHP00498,2026-07-15,62.9,3.4,medium,clear,car,express,0.6,111.3,fragile,0.5,157.2
SHP00499,2026-08-12,150.4,5.4,medium,rain,bike,express,3.3,12.9,fragile,3.3,209.4
SHP00500,2026-06-16,64.5,9.5,medium,rain,van,normal,7.6,1.2,small,14.7,102.4
SHP00501,2026-05-19,70.8,5.3,medium,rain,van,express,3.1,18.2,small,18.3,105.4
SHP00502,2026-06-01,49.3,8.6,high,rain,car,normal,7.4,20.2,fragile,16.6,125.0
SHP00503,2026-05-30,162.9,6.4,medium,snow,car,same_day,2.9,28.6,medium,24.8,195.0
SHP00504,2026-05-09,58.3,8.0,low,rain,bike,normal,0.9,33.0,medium,29.1,126.2
SHP00505,2026-07-28,90.4,2.7,medium,clear,car,same_day,2.9,22.6,medium,18.8,129.2
SHP00506,2026-06-17,156.4,12.1,high,clear,car,normal,0.6,29.4,small,16.3,213.4
SHP00507,2026-05-09,77.7,14.5,low,clear,bike,normal,5.6,19.3,small,0.5,103.7
SHP00508,2026-05-27,26.9,1.6,high,clear,bike,normal,10.8,15.5,small,17.5,91.2
SHP00509,2026-05-27,154.9,0.8,low,rain,car,normal,4.7,20.8,fragile,20.6,177.0
SHP00510,2026-06-18,29.6,4.8,high,clear,van,normal,1.6,20.2,large,4.4,119.7
SHP00511,2026-08-10,55.6,13.4,low,clear,van,normal,9.4,26.2,small,17.9,95.6
SHP00512,2026-07-27,44.0,9.5,medium,,bike,normal,1.1,5.3,small,2.3,92.3
SHP00513,2026-05-21,52.7,20.8,medium,clear,car,same_day,4.0,8.7,small,6.2,75.1
SHP00514,2026-08-12,2.5,13.2,medium,clear,van,express,9.2,17.4,fragile,22.9,46.9
SHP00515,2026-05-14,122.4,11.1,medium,clear,van,normal,6.9,19.8,small,25.8,157.7
SHP00516,2026-07-14,47.0,11.3,high,clear,van,express,10.3,18.7,medium,25.6,95.4
SHP00517,2026-07-22,100.7,0.9,low,clear,car,normal,,0,large,10.4,114.9
SHP00518,2026-06-02,23.3,8.1,medium,clear,van,express,9.0,10.1,small,13.6,60.6
SHP00519,2026-07-29,144.6,13.4,high,clear,car,normal,2.4,19.2,small,18.9,196.4
SHP00520,2026-05-16,93.0,8.4,high,clear,car,normal,4.3,24.6,large,25.9,167.7
