customer_id,signup_date,age,monthly_spend,visits_per_month,support_calls,membership_type,region,device,satisfaction_score,target_segment
CUST0001,2022-03-07,37,120.49,10,3,VIP,Seoul,iOS,3.3,2
CUST0002,2023-07-24,47,137.19,9,2,Silver,Busan,Android,3.8,3
CUST0003,2024-02-18,39,124.15,13,0,VIP,Daegu,Android,3.1,3
CUST0004,2023-08-24,58,190.9,3,0,VIP,Incheon,Android,3.3,3
CUST0005,2023-04-22,46,62.95,15,0,Basic,Daegu,Web,3.3,1
CUST0006,2022-12-17,46,89.98,1,3,Gold,Seoul,iOS,3.8,2
CUST0007,2022-04-25,30,121.23,7,2,Basic,Daegu,Web,4.6,1
CUST0008,2024-10-19,39,143.93,9,3,Gold,Daegu,Android,3.9,3
CUST0009,2024-03-28,18,204.39,7,2,Basic,Incheon,Web,3.4,2
CUST0010,2024-05-14,18,274.35,14,4,Basic,Busan,iOS,3.5,2
CUST0011,2025-01-04,29,99.13,6,1,VIP,Seoul,iOS,3.4,3
CUST0012,2023-01-01,39,35.9,8,3,Gold,Daegu,Web,3.4,1
CUST0013,2024-12-22,33,128.74,4,0,Silver,Busan,iOS,2.8,1
CUST0014,2025-03-07,53,93.57,8,2,Gold,Busan,Android,1.7,3
CUST0015,2022-12-05,43,122.38,9,2,Basic,Incheon,Web,3.5,0
CUST0016,2025-10-07,36,241.11,7,3,Basic,Daegu,Android,2.0,1
CUST0017,2022-01-15,31,82.25,8,2,Silver,Busan,iOS,3.5,2
CUST0018,2022-09-28,54,163.51,12,6,Basic,Incheon,Android,3.6,1
CUST0019,2024-04-21,34,17.8,7,1,Basic,Incheon,Android,2.5,0
CUST0020,2023-01-25,20,148.28,4,0,Basic,Seoul,Android,4.1,2
CUST0021,2025-01-12,32,123.17,13,4,Gold,Seoul,Android,3.7,2
CUST0022,2022-12-04,55,15,19,0,,Incheon,Web,3.9,2
CUST0023,2023-08-31,18,240.14,10,5,,Incheon,Android,2.5,3
CUST0024,2024-11-06,39,148.7,10,1,,Busan,Android,3.3,2
CUST0025,2022-03-23,45,147.01,4,0,VIP,Busan,iOS,3.4,3
CUST0026,2022-09-26,29,90.91,5,1,Gold,Busan,Android,4.0,2
CUST0027,2023-03-13,34,89.06,7,5,VIP,Seoul,Android,4.3,3
CUST0028,2025-09-01,32,128.92,9,3,Silver,Daegu,iOS,3.4,2
CUST0029,2022-11-15,21,115.23,1,0,Basic,Seoul,iOS,4.9,2
CUST0030,2024-05-17,36,204.21,10,1,Silver,Seoul,Android,2.9,2
CUST0031,2022-08-18,40,115.49,9,3,Silver,Incheon,iOS,3.9,2
CUST0032,2024-01-17,61,181.89,16,1,Basic,Busan,Android,4.0,2
CUST0033,2022-11-13,56,71.84,17,0,Basic,Incheon,Web,3.6,2
CUST0034,2024-04-23,46,111.82,15,5,Basic,Daegu,iOS,3.8,2
CUST0035,2024-07-31,46,25.99,12,1,Gold,Incheon,Android,3.5,2
CUST0036,2023-07-26,25,212.6,13,1,Basic,Seoul,Web,2.9,2
CUST0037,2023-06-28,30,182.82,6,0,Gold,Daegu,Android,3.3,3
CUST0038,2025-12-22,54,147.64,6,5,Basic,Busan,Android,1.0,0
CUST0039,2025-09-22,25,156.05,13,0,Basic,Incheon,Android,4.8,2
CUST0040,2023-08-29,53,93.31,9,1,Gold,Daegu,Android,4.3,2
CUST0041,2022-01-01,31,117.96,8,0,Silver,Incheon,iOS,3.4,2
CUST0042,2022-12-14,36,165.64,12,0,Gold,Incheon,iOS,3.0,3
CUST0043,2023-02-12,33,92.23,7,0,Basic,Daegu,Android,5.0,2
CUST0044,2024-02-26,41,143.52,17,2,VIP,Busan,iOS,3.5,3
CUST0045,2025-11-26,30,131.45,10,2,Basic,Incheon,Android,3.4,0
CUST0046,2024-06-25,35,128.01,11,6,Gold,Daegu,Web,1.8,2
CUST0047,2023-05-22,24,73.0,1,2,Gold,Incheon,iOS,1.6,0
CUST0048,2023-10-17,44,92.55,11,0,Gold,Busan,Android,3.5,3
CUST0049,2024-05-01,42,115.96,13,4,Silver,Daegu,iOS,3.8,2
CUST0050,2023-12-22,59,169.67,4,4,VIP,Incheon,iOS,3.6,3
CUST0051,2023-07-13,35,182.15,18,0,Gold,Busan,iOS,2.0,3
CUST0052,2024-12-29,36,135.24,7,5,Silver,Busan,Web,3.0,1
CUST0053,2023-11-02,50,139.28,9,2,Silver,Seoul,Android,3.1,2
CUST0054,2025-01-09,41,177.52,11,0,Basic,Seoul,iOS,3.4,1
CUST0055,2022-02-11,66,173.56,11,3,Basic,Busan,Android,3.6,2
CUST0056,2025-05-28,,101.96,8,2,Basic,Daegu,Android,4.4,1
CUST0057,2026-01-04,57,110.22,11,1,VIP,Incheon,Android,3.0,3
CUST0058,2025-03-05,44,199.81,12,1,Gold,Seoul,iOS,3.2,3
CUST0059,2024-01-12,41,80.27,6,3,Gold,Incheon,Android,2.6,1
CUST0060,2026-02-06,24,52.25,9,0,Basic,Incheon,iOS,3.2,0
CUST0061,2024-10-09,30,103.37,11,7,Gold,Incheon,Android,3.2,2
CUST0062,2024-11-24,43,101.93,13,5,Gold,Daegu,iOS,2.4,3
CUST0063,2022-02-05,43,122.54,9,0,Silver,Incheon,Android,3.5,1
CUST0064,2025-02-01,46,151.49,9,0,Silver,Incheon,Web,2.5,2
CUST0065,2024-09-18,,204.88,10,4,,Busan,Android,3.8,2
CUST0066,2022-01-29,36,202.39,11,0,Basic,Daegu,Android,5.0,3
CUST0067,2022-01-26,37,102.37,12,2,Silver,Incheon,Android,2.8,3
CUST0068,2022-06-01,26,102.21,8,2,Silver,Seoul,Android,5.0,2
CUST0069,2025-06-20,22,91.03,16,5,Basic,Incheon,iOS,3.8,1
CUST0070,2022-07-23,41,,5,3,Basic,Seoul,iOS,5.0,1
CUST0071,2025-11-12,46,117.86,12,5,Basic,Seoul,Android,3.7,1
CUST0072,2025-07-04,30,104.63,11,5,Gold,Daegu,iOS,3.1,1
CUST0073,2022-12-06,20,76.91,11,3,Basic,Busan,Android,3.5,1
CUST0074,2024-10-21,43,58.68,16,0,Basic,Incheon,Web,2.5,1
CUST0075,2025-03-24,26,115.33,2,0,Basic,Busan,Web,3.3,0
CUST0076,2023-01-07,36,124.14,11,0,Basic,Incheon,Web,2.0,1
CUST0077,2023-11-07,51,128.87,16,0,Basic,Seoul,Web,2.5,2
CUST0078,2024-04-07,27,163.91,8,0,Basic,Daegu,Android,3.4,2
CUST0079,2022-04-16,53,52.94,21,2,Silver,Incheon,iOS,3.1,2
CUST0080,2023-09-29,43,196.49,15,1,VIP,Busan,iOS,3.3,3
CUST0081,2026-01-07,24,,23,5,Basic,Busan,iOS,4.3,2
CUST0082,2024-11-06,34,213.03,6,3,Basic,Busan,Web,2.4,1
CUST0083,2023-08-03,38,100.21,18,3,Gold,Daegu,Web,3.9,3
CUST0084,2025-01-17,35,26.34,4,1,Silver,Daegu,iOS,4.0,0
CUST0085,2024-08-26,19,,20,0,Gold,Incheon,Android,3.5,3
CUST0086,2025-04-23,32,33.49,5,4,Silver,Seoul,Android,4.5,0
CUST0087,2023-06-27,36,152.01,12,1,Basic,Busan,Android,3.5,2
CUST0088,2024-09-26,29,201.74,5,0,Silver,Daegu,iOS,4.5,2
CUST0089,2025-07-21,41,119.31,17,3,Gold,Incheon,Web,5.0,3
CUST0090,2022-10-26,37,105.74,13,3,Basic,Daegu,Android,4.2,1
CUST0091,2025-04-09,39,186.65,9,1,Silver,Busan,iOS,4.0,3
CUST0092,2023-12-09,47,,10,4,VIP,Busan,Android,5.0,3
CUST0093,2024-02-21,49,126.41,18,1,VIP,Incheon,Android,2.7,3
CUST0094,2024-10-14,24,98.59,15,2,Basic,Seoul,Web,4.7,2
CUST0095,2026-01-16,51,26.94,11,1,Basic,Daegu,iOS,3.6,0
CUST0096,2026-02-08,40,47.38,12,3,Gold,Seoul,iOS,3.2,2
CUST0097,2023-07-13,56,218.64,8,4,Gold,Daegu,iOS,3.9,3
CUST0098,2022-06-04,43,92.91,13,0,Basic,Seoul,iOS,3.9,1
CUST0099,2024-03-19,58,240.88,16,0,Gold,Daegu,Android,5.0,3
CUST0100,2023-04-24,53,135.96,3,3,Gold,Daegu,Android,2.8,1
CUST0101,2023-09-11,22,143.63,15,1,Silver,Incheon,Web,2.4,2
CUST0102,2024-01-30,35,107.91,12,2,Basic,Busan,Android,3.8,1
CUST0103,2025-06-14,29,50.4,15,1,Silver,Seoul,Web,3.4,1
CUST0104,2024-01-23,18,203.85,15,2,Gold,Seoul,Web,1.3,3
CUST0105,2023-03-11,18,88.13,7,4,Gold,Incheon,Android,3.6,2
CUST0106,2025-02-09,28,72.35,19,2,Silver,Seoul,Web,3.4,2
CUST0107,2025-01-11,41,166.98,14,1,Basic,Busan,Web,4.6,3
CUST0108,2023-06-28,38,164.06,10,2,Basic,Daegu,Android,5.0,2
CUST0109,2023-03-30,57,159.26,2,1,Silver,Seoul,iOS,1.9,1
CUST0110,2024-04-02,42,124.49,13,0,VIP,Seoul,Web,2.4,3
CUST0111,2025-07-20,33,141.75,9,0,Basic,Busan,Android,4.0,1
CUST0112,2025-08-26,22,85.64,6,4,Silver,Seoul,Web,3.1,1
CUST0113,2022-07-14,49,81.61,14,0,Gold,Incheon,Android,4.1,3
CUST0114,2022-07-17,35,,10,7,Basic,Seoul,Android,3.0,0
CUST0115,2025-09-24,38,76.92,12,3,Gold,Incheon,Android,4.5,2
CUST0116,2024-09-14,50,109.15,12,2,Basic,Busan,Android,3.2,2
CUST0117,2025-09-09,39,,13,0,Gold,Seoul,iOS,3.5,3
CUST0118,2024-03-31,43,91.9,14,5,Basic,Busan,iOS,3.1,1
CUST0119,2026-01-17,56,168.28,13,2,Silver,Busan,Android,2.5,2
CUST0120,2025-09-17,26,246.96,2,0,Basic,Seoul,Android,4.2,3
CUST0121,2023-09-24,24,164.54,8,3,Basic,Incheon,iOS,2.6,1
CUST0122,2022-09-03,50,145.53,10,2,Basic,Daegu,Android,3.2,2
CUST0123,2022-03-28,58,134.43,13,4,Gold,Daegu,Android,3.1,2
CUST0124,2022-02-12,26,153.81,14,3,Silver,Daegu,Android,2.6,2
CUST0125,2025-04-21,46,122.88,16,1,Silver,Seoul,Android,3.1,2
CUST0126,2023-02-02,,143.03,16,0,Basic,Seoul,iOS,3.7,3
CUST0127,2022-11-10,48,101.58,9,0,Basic,Busan,Android,3.7,1
CUST0128,2025-03-02,40,49.87,14,5,Gold,Incheon,iOS,1.9,1
CUST0129,2025-04-26,18,15,5,7,Silver,Daegu,iOS,3.0,0
CUST0130,2024-11-04,52,152.62,8,4,Basic,Seoul,iOS,5.0,2
CUST0131,2024-09-01,27,178.11,18,1,Silver,Busan,Android,5.0,3
CUST0132,2025-12-20,18,128.81,2,3,Basic,Busan,Android,4.7,0
CUST0133,2022-04-18,27,152.56,8,2,Silver,Daegu,iOS,2.9,2
CUST0134,2025-04-08,43,53.0,13,2,Gold,Busan,Android,3.1,2
CUST0135,2024-02-11,25,24.99,8,5,Gold,Seoul,Android,3.2,1
CUST0136,2024-05-17,32,91.5,16,4,,Seoul,iOS,5.0,3
CUST0137,2023-08-29,36,129.44,6,7,Basic,Busan,Android,2.6,0
CUST0138,2022-11-12,42,108.94,12,0,Basic,Busan,iOS,3.6,1
CUST0139,2025-06-04,50,218.39,12,0,Silver,Busan,Web,3.9,3
CUST0140,2025-03-14,34,219.2,5,3,Silver,Busan,Android,2.8,3
CUST0141,2022-04-17,52,124.03,10,4,Gold,Busan,Web,1.1,1
CUST0142,2024-11-17,23,43.2,8,2,Basic,Busan,Android,4.4,0
CUST0143,2024-02-05,46,177.15,14,2,Basic,Seoul,Android,2.6,2
CUST0144,2023-08-11,42,306.79,10,2,Silver,Busan,Android,5.0,3
CUST0145,2022-11-03,50,99.15,15,0,VIP,Seoul,Android,2.2,3
CUST0146,2025-06-29,20,103.24,8,2,Basic,Incheon,iOS,3.2,1
CUST0147,2022-01-04,33,137.1,16,0,Basic,Busan,Android,4.5,3
CUST0148,2024-08-20,32,103.05,4,3,Basic,Seoul,Android,5.0,2
CUST0149,2023-11-12,50,144.7,5,4,Basic,Seoul,iOS,3.2,1
CUST0150,2022-10-04,46,168.11,7,4,VIP,Incheon,iOS,4.1,3
CUST0151,2025-01-17,58,166.75,6,2,Basic,Daegu,iOS,4.0,2
CUST0152,2024-01-24,35,132.5,8,1,Gold,Daegu,Android,3.6,3
CUST0153,2024-11-29,27,151.45,1,4,Gold,Daegu,Web,3.1,2
CUST0154,2025-09-15,38,152.71,6,3,Basic,Seoul,Android,4.0,1
CUST0155,2024-06-09,35,,10,1,Gold,Daegu,iOS,2.5,3
CUST0156,2022-10-20,33,282.04,12,2,Gold,Busan,Web,2.8,3
CUST0157,2025-10-22,49,62.6,8,2,Silver,Seoul,iOS,3.5,2
CUST0158,2022-08-21,28,,9,2,Basic,Daegu,Android,4.0,2
CUST0159,2023-08-08,46,135.72,1,2,Gold,Busan,Web,4.5,3
CUST0160,2023-10-17,23,15,11,3,Gold,Seoul,Web,3.9,2
CUST0161,2024-11-07,29,54.79,7,1,Gold,Busan,iOS,3.2,2
CUST0162,2025-02-03,44,287.48,11,1,Silver,Incheon,Web,2.5,3
CUST0163,2022-06-01,56,213.15,15,3,Silver,Incheon,Web,3.2,2
CUST0164,2022-09-22,46,164.03,16,3,Gold,Busan,iOS,2.9,3
CUST0165,2024-11-28,18,179.67,13,2,Basic,Busan,Android,3.7,2
CUST0166,2022-12-12,57,64.76,10,5,Basic,Seoul,iOS,3.0,0
CUST0167,2022-02-28,25,90.45,14,4,VIP,Seoul,Web,4.1,3
CUST0168,2025-07-08,64,195.45,11,0,Silver,Seoul,iOS,3.7,3
CUST0169,2024-05-01,22,107.73,9,3,Silver,Seoul,Android,3.7,1
CUST0170,2024-01-29,30,133.67,7,1,Gold,Incheon,Android,3.1,2
CUST0171,2024-05-06,33,127.55,11,3,Basic,Incheon,Web,2.9,1
CUST0172,2024-08-14,39,,13,4,Gold,Incheon,Web,2.7,3
CUST0173,2023-07-31,28,130.37,22,3,Basic,Daegu,Android,1.1,1
CUST0174,2024-04-05,18,133.65,7,0,Silver,Daegu,iOS,1.7,1
CUST0175,2025-06-30,30,171.52,8,1,Silver,Daegu,Web,3.1,2
CUST0176,2024-11-08,36,104.94,15,2,VIP,Busan,Android,3.6,3
CUST0177,2025-06-09,36,139.16,18,3,Basic,Busan,Android,3.8,1
CUST0178,2023-09-06,33,179.94,3,0,Silver,Incheon,iOS,2.5,1
CUST0179,2023-06-28,36,131.58,9,3,VIP,Seoul,iOS,2.7,3
CUST0180,2025-10-26,59,110.25,12,0,Basic,Incheon,Android,3.2,1
CUST0181,2025-06-06,39,201.62,10,1,Silver,Busan,Android,2.5,3
CUST0182,2023-10-05,60,76.51,10,1,Basic,Incheon,iOS,3.8,1
CUST0183,2023-01-29,51,113.6,4,1,Gold,Daegu,iOS,2.6,1
CUST0184,2023-12-16,48,118.22,7,7,Gold,Incheon,Android,4.9,2
CUST0185,2022-10-27,18,82.36,10,0,VIP,Incheon,Web,2.4,3
CUST0186,2023-07-10,36,173.84,9,0,Silver,Busan,Web,2.8,2
CUST0187,2022-04-18,55,,15,4,Gold,Busan,iOS,2.8,2
CUST0188,2024-09-01,47,159.0,3,3,VIP,Busan,Android,4.9,3
CUST0189,2026-01-20,31,135.18,15,2,Basic,Busan,iOS,2.2,0
CUST0190,2023-01-17,40,117.75,15,1,Basic,Incheon,iOS,4.5,1
CUST0191,2025-08-06,67,75.42,20,0,Basic,Daegu,Android,4.6,2
CUST0192,2025-08-20,25,112.75,20,1,Basic,Busan,iOS,2.8,2
CUST0193,2024-11-21,38,165.27,10,0,Basic,Incheon,Web,2.0,1
CUST0194,2023-07-01,33,179.13,22,5,,Incheon,Android,1.3,2
CUST0195,2022-11-24,48,116.72,10,2,Basic,Seoul,iOS,2.6,0
CUST0196,2023-03-29,27,,17,0,VIP,Daegu,Android,3.2,3
CUST0197,2025-09-22,40,158.9,15,5,Silver,Incheon,iOS,2.7,2
CUST0198,2025-03-01,48,47.14,8,0,Silver,Daegu,Android,3.7,1
CUST0199,2023-02-25,56,196.96,13,1,Gold,Incheon,Android,2.9,3
CUST0200,2025-10-09,36,67.65,15,1,Silver,Seoul,iOS,3.8,2
CUST0201,2025-01-13,45,47.41,3,4,Basic,Daegu,iOS,3.4,0
CUST0202,2024-02-23,67,125.26,21,4,Gold,Incheon,Android,4.3,3
CUST0203,2025-01-05,18,169.0,9,3,Basic,Daegu,Android,5.0,2
CUST0204,2023-04-16,34,147.87,20,1,Silver,Incheon,iOS,3.5,2
CUST0205,2022-02-02,39,180.69,9,7,Gold,Incheon,iOS,3.3,2
CUST0206,2023-04-25,39,150.49,6,1,Basic,Seoul,Android,2.5,0
CUST0207,2025-10-09,19,107.21,11,1,VIP,Daegu,iOS,4.1,3
CUST0208,2024-05-24,42,93.23,21,0,Basic,Busan,iOS,2.5,2
CUST0209,2024-02-10,35,124.14,6,4,Gold,Incheon,Android,2.6,2
CUST0210,2024-05-03,45,192.53,11,3,Silver,Seoul,iOS,3.7,2
CUST0211,2023-01-26,32,119.6,11,3,Gold,Seoul,iOS,2.2,1
CUST0212,2023-11-13,50,147.03,9,2,Silver,Busan,iOS,4.9,3
CUST0213,2025-12-12,30,,11,3,Gold,Busan,iOS,3.3,3
CUST0214,2024-10-15,46,247.2,2,1,Silver,Daegu,Android,2.6,3
CUST0215,2023-03-30,,151.01,9,0,Basic,Seoul,iOS,3.1,2
CUST0216,2023-05-19,38,120.07,4,1,Basic,Busan,Android,3.3,0
CUST0217,2026-02-09,21,130.35,9,1,Silver,Incheon,iOS,4.4,1
CUST0218,2022-06-02,41,97.83,9,0,Silver,Seoul,iOS,4.4,2
CUST0219,2024-07-22,55,102.42,11,0,Gold,Seoul,Android,3.8,3
CUST0220,2024-12-20,27,184.55,7,0,Basic,Incheon,Android,2.4,2
CUST0221,2022-07-17,36,62.9,9,4,VIP,Busan,Android,3.1,2
CUST0222,2023-05-14,30,123.77,8,1,Basic,Incheon,iOS,2.4,1
CUST0223,2024-02-12,47,127.59,7,0,Gold,Seoul,Android,2.4,1
CUST0224,2022-03-29,35,123.92,14,2,Gold,Seoul,Web,2.4,3
CUST0225,2025-02-28,42,247.4,8,0,Gold,Daegu,Web,3.1,3
CUST0226,2023-09-05,34,101.02,11,2,Gold,Incheon,Web,3.5,3
CUST0227,2025-11-12,43,164.78,13,0,Gold,Busan,iOS,4.0,3
CUST0228,2023-10-31,36,66.02,12,2,Basic,Incheon,Web,1.8,1
CUST0229,2025-06-20,48,138.13,16,2,Silver,Incheon,Android,2.1,3
CUST0230,2022-08-07,36,169.7,14,3,Basic,Incheon,Android,2.3,2
CUST0231,2022-07-03,,201.59,3,3,Silver,Incheon,Android,3.7,2
CUST0232,2025-02-19,35,149.31,7,1,Silver,Seoul,iOS,2.8,2
CUST0233,2022-12-09,66,44.66,8,1,Basic,Incheon,Android,3.0,0
CUST0234,2022-10-05,27,152.95,9,2,Silver,Busan,iOS,3.4,2
CUST0235,2025-05-20,29,256.27,7,4,Basic,Busan,Android,3.7,2
CUST0236,2023-05-12,46,118.02,5,7,Gold,Incheon,Web,4.1,1
CUST0237,2025-01-31,34,169.63,12,0,VIP,Busan,iOS,3.9,3
CUST0238,2022-10-13,58,144.92,14,2,,Incheon,iOS,3.9,1
CUST0239,2024-12-30,33,99.57,6,0,VIP,Incheon,iOS,3.5,3
CUST0240,2023-05-24,18,124.86,8,0,VIP,Seoul,Android,3.6,3
CUST0241,2024-05-31,32,86.93,10,2,Silver,Daegu,Web,4.7,2
CUST0242,2025-10-23,43,145.48,12,5,Basic,Daegu,Android,2.1,0
CUST0243,2026-02-04,26,95.76,10,2,VIP,Seoul,Web,4.1,3
CUST0244,2023-09-07,45,166.96,7,2,Silver,Incheon,Android,2.4,2
CUST0245,2025-02-04,57,154.0,15,2,VIP,Busan,iOS,4.6,3
CUST0246,2025-06-11,47,189.52,14,2,Silver,Incheon,Android,2.9,3
CUST0247,2025-01-04,48,89.72,10,2,Gold,Seoul,iOS,3.6,3
CUST0248,2025-04-17,43,175.07,7,2,Silver,Incheon,iOS,4.1,2
CUST0249,2023-10-04,47,163.69,8,2,VIP,Seoul,iOS,2.7,2
CUST0250,2024-09-23,46,161.68,14,5,Basic,Incheon,Android,2.5,1
CUST0251,2025-06-22,26,66.38,1,0,Basic,Daegu,Web,2.4,0
CUST0252,2024-10-04,49,147.15,13,2,Silver,Incheon,Android,4.3,1
CUST0253,2023-08-15,19,183.23,8,2,Basic,Daegu,Android,4.9,2
CUST0254,2022-03-27,45,182.96,10,0,Basic,Daegu,iOS,3.0,2
CUST0255,2023-12-15,39,70.77,12,4,Basic,Seoul,Android,3.3,0
CUST0256,2025-06-03,42,112.13,12,1,Gold,Daegu,Web,3.6,2
CUST0257,2022-12-11,34,105.45,13,3,Silver,Daegu,iOS,3.5,2
CUST0258,2024-04-22,30,206.8,10,4,Gold,Seoul,Android,5.0,2
CUST0259,2025-10-16,70,45.97,12,1,Gold,Busan,iOS,3.9,2
CUST0260,2023-07-24,33,149.01,6,0,Gold,Seoul,Android,3.1,3
CUST0261,2024-07-27,30,24.07,5,3,Gold,Seoul,iOS,1.8,0
CUST0262,2023-08-04,26,66.28,16,0,Gold,Incheon,Android,1.5,3
CUST0263,2024-07-30,30,191.53,5,1,Basic,Seoul,iOS,2.6,2
CUST0264,2023-09-11,66,142.93,14,4,VIP,Busan,Web,4.3,3
CUST0265,2025-07-05,54,237.45,9,5,VIP,Busan,Android,3.4,3
CUST0266,2024-11-29,32,210.15,11,5,Silver,Busan,iOS,3.4,2
CUST0267,2022-07-02,38,123.2,7,0,Basic,Seoul,Android,4.3,1
CUST0268,2025-10-18,38,104.62,7,6,Gold,Busan,iOS,4.4,2
CUST0269,2025-06-15,48,182.88,18,2,Silver,Busan,Web,2.1,3
CUST0270,2022-10-14,29,29.49,12,2,Silver,Incheon,Android,3.4,0
CUST0271,2025-09-10,39,209.11,11,5,VIP,Seoul,Web,3.3,3
CUST0272,2022-08-19,44,103.76,8,1,Gold,Busan,iOS,2.4,2
CUST0273,2025-03-10,39,208.29,20,4,Basic,Incheon,Web,4.2,3
CUST0274,2022-03-23,,162.99,13,4,Silver,Seoul,Android,3.7,2
CUST0275,2025-01-03,64,67.34,7,3,Silver,Incheon,Android,3.0,0
CUST0276,2025-07-23,32,122.58,12,2,Basic,Daegu,Android,5.0,1
CUST0277,2024-06-08,40,50.6,8,1,Basic,Busan,Android,1.3,0
CUST0278,2022-12-02,51,180.42,17,3,Basic,Busan,iOS,3.1,2
CUST0279,2022-08-30,27,131.14,1,2,Gold,Daegu,iOS,3.3,2
CUST0280,2024-11-12,39,116.7,12,1,Silver,Seoul,iOS,4.7,3
CUST0281,2024-11-08,29,179.84,6,1,Silver,Seoul,Android,3.4,2
CUST0282,2026-01-02,62,131.76,12,2,Basic,Seoul,iOS,2.1,2
CUST0283,2025-10-10,38,72.75,8,4,Basic,Daegu,Android,3.3,0
CUST0284,2023-09-29,,110.02,15,0,Silver,Daegu,iOS,3.7,2
CUST0285,2024-10-07,31,191.73,14,2,Silver,Incheon,Android,2.7,2
CUST0286,2023-12-11,59,128.68,10,0,VIP,Seoul,Android,3.5,3
CUST0287,2024-12-21,26,66.23,15,2,Gold,Daegu,Android,3.4,2
CUST0288,2024-11-30,51,123.92,24,1,Basic,Busan,Web,3.9,3
CUST0289,2025-03-08,18,190.74,2,3,Silver,Incheon,Android,2.5,1
CUST0290,2023-07-11,55,,13,3,Silver,Daegu,Android,4.6,2
CUST0291,2025-01-02,41,261.17,16,5,Silver,Daegu,Android,3.7,3
CUST0292,2025-11-28,26,203.33,5,3,Gold,Daegu,Web,3.6,3
CUST0293,2023-06-17,32,106.87,12,1,Silver,Seoul,iOS,2.8,0
CUST0294,2022-10-14,42,99.25,20,1,Basic,Seoul,Web,2.3,1
CUST0295,2023-06-15,42,143.56,11,1,Gold,Seoul,iOS,3.7,3
CUST0296,2024-08-02,43,119.23,14,2,Basic,Daegu,Android,2.4,0
CUST0297,2023-01-19,64,169.07,3,3,Silver,Daegu,Android,2.5,1
CUST0298,2023-07-27,36,189.04,15,4,Silver,Incheon,Android,2.4,2
CUST0299,2025-12-31,29,168.45,5,0,,Seoul,Web,3.4,3
CUST0300,2022-03-02,,183.39,1,2,Basic,Daegu,iOS,2.5,1
CUST0301,2025-09-07,55,71.83,25,4,,Busan,Android,1.9,3
CUST0302,2022-12-22,39,197.83,13,0,Silver,Incheon,Android,3.6,2
CUST0303,2023-01-21,46,195.9,13,0,Gold,Busan,iOS,3.6,3
CUST0304,2024-09-05,50,,17,2,Basic,Busan,Android,3.5,1
CUST0305,2022-10-30,65,130.53,11,3,Gold,Daegu,Android,3.0,1
CUST0306,2023-11-21,18,66.44,12,0,Silver,Incheon,iOS,4.9,1
CUST0307,2025-02-24,36,158.23,17,6,Silver,Busan,iOS,4.0,1
CUST0308,2026-02-01,29,15,11,1,Basic,Daegu,Android,2.9,0
CUST0309,2025-06-06,57,130.97,2,0,Basic,Daegu,Web,3.6,0
CUST0310,2022-07-01,41,199.84,13,2,VIP,Busan,iOS,3.4,3
CUST0311,2022-08-10,46,56.26,10,0,Gold,Daegu,Android,4.0,2
CUST0312,2022-07-27,38,113.02,6,3,VIP,Daegu,iOS,3.9,3
CUST0313,2023-10-15,49,44.67,3,0,Gold,Seoul,Android,3.6,2
CUST0314,2025-06-10,38,155.81,5,6,VIP,Seoul,Android,3.6,3
CUST0315,2023-01-25,53,76.61,4,3,Basic,Daegu,Android,2.6,0
CUST0316,2024-10-02,26,167.72,16,1,Basic,Incheon,iOS,3.0,2
CUST0317,2025-07-31,45,172.78,7,3,Basic,Seoul,Android,2.8,0
CUST0318,2024-03-04,37,151.96,13,1,Gold,Seoul,iOS,2.6,3
CUST0319,2022-11-06,48,235.05,7,4,Basic,Daegu,iOS,3.3,2
CUST0320,2024-12-06,39,48.39,14,3,Silver,Seoul,Web,1.1,0
CUST0321,2024-11-24,26,163.33,14,0,Basic,Seoul,iOS,4.2,2
CUST0322,2022-09-16,44,51.38,9,1,VIP,Busan,Web,3.4,2
CUST0323,2022-05-18,43,135.89,9,1,Silver,Daegu,Web,3.6,2
CUST0324,2022-11-03,52,166.46,1,1,Basic,Incheon,Android,1.4,0
CUST0325,2023-12-06,48,188.76,11,0,Basic,Daegu,Web,4.4,2
CUST0326,2023-11-10,45,100.1,7,0,Silver,Incheon,Android,2.9,2
CUST0327,2024-10-03,37,113.72,7,2,Gold,Daegu,Android,2.8,2
CUST0328,2024-05-03,50,65.01,14,2,Gold,Daegu,Android,2.9,3
CUST0329,2024-11-21,,115.42,1,4,Silver,Daegu,Web,2.5,1
CUST0330,2023-02-16,40,110.42,9,0,Silver,Busan,Android,3.6,1
CUST0331,2022-09-11,43,94.4,1,3,Gold,Incheon,iOS,3.2,1
CUST0332,2023-06-14,35,92.83,5,2,Silver,Daegu,Android,4.4,1
CUST0333,2025-10-19,38,45.96,9,4,VIP,Busan,iOS,4.0,3
CUST0334,2025-05-16,43,206.93,1,2,Silver,Busan,iOS,4.7,2
CUST0335,2024-07-29,41,92.84,1,0,Basic,Incheon,Web,3.1,0
CUST0336,2025-05-01,38,191.67,6,0,Silver,Daegu,iOS,3.1,2
CUST0337,2025-08-27,31,100.69,12,2,Gold,Daegu,iOS,4.7,3
CUST0338,2026-01-17,36,159.89,12,0,Silver,Daegu,iOS,4.0,2
CUST0339,2025-12-31,52,140.27,7,6,Silver,Busan,Android,2.2,1
CUST0340,2024-08-22,41,197.01,13,0,Gold,Busan,Android,2.9,3
CUST0341,2023-04-03,45,160.64,14,0,Basic,Seoul,Android,4.0,3
CUST0342,2025-07-23,38,82.92,12,0,Gold,Incheon,Android,3.4,3
CUST0343,2022-11-05,18,63.74,20,4,Silver,Daegu,Android,1.6,1
CUST0344,2024-09-25,44,157.94,5,3,,Busan,iOS,4.2,1
CUST0345,2022-06-30,21,270.29,10,3,Gold,Busan,iOS,2.8,3
CUST0346,2023-10-22,47,172.61,6,3,Silver,Daegu,Web,3.3,2
CUST0347,2024-02-25,39,62.38,11,2,Gold,Daegu,Android,3.3,2
CUST0348,2025-11-07,28,129.01,12,2,Silver,Daegu,Android,4.3,2
CUST0349,2023-04-05,49,128.57,14,1,VIP,Incheon,Android,4.2,3
CUST0350,2025-08-04,38,101.13,10,0,Gold,Seoul,Android,3.8,3
CUST0351,2024-02-18,38,197.99,26,4,Basic,Seoul,Android,2.7,2
CUST0352,2023-07-07,45,159.42,9,1,Silver,Seoul,iOS,3.4,2
CUST0353,2025-06-01,25,70.43,1,4,Basic,Seoul,iOS,2.2,0
CUST0354,2025-11-10,,170.84,7,2,Basic,Incheon,Web,3.2,1
CUST0355,2024-11-13,48,109.9,18,2,Gold,Busan,Web,4.8,3
CUST0356,2022-12-24,56,170.07,16,0,,Seoul,Android,1.0,2
CUST0357,2022-10-11,55,53.53,6,4,Gold,Seoul,Android,3.0,1
CUST0358,2024-03-31,35,101.23,7,4,Basic,Daegu,Android,2.1,0
CUST0359,2025-11-26,28,165.62,14,0,VIP,Busan,Android,2.5,3
CUST0360,2024-02-17,33,15,12,1,Silver,Incheon,Android,4.3,1
CUST0361,2024-04-22,42,55.65,17,0,Silver,Incheon,Android,3.1,1
CUST0362,2025-10-03,,137.24,10,2,Gold,Busan,Web,4.1,2
CUST0363,2025-02-17,49,82.39,8,0,Silver,Incheon,Android,2.1,1
CUST0364,2024-10-03,51,82.46,22,2,Silver,Busan,Android,2.4,2
CUST0365,2025-03-19,34,174.53,9,4,Gold,Seoul,iOS,2.6,2
CUST0366,2025-01-29,18,164.72,8,2,Basic,Incheon,Android,2.1,1
CUST0367,2024-01-15,44,130.03,5,0,Basic,Incheon,Web,3.0,2
CUST0368,2022-08-22,49,39.83,13,1,Gold,Daegu,iOS,3.5,1
CUST0369,2022-04-04,53,176.36,15,2,Silver,Daegu,iOS,2.3,2
CUST0370,2024-03-15,50,91.34,14,0,Basic,Seoul,Web,2.8,1
CUST0371,2024-07-11,43,230.22,12,4,Silver,Seoul,iOS,3.4,3
CUST0372,2024-09-16,23,149.41,1,2,Silver,Incheon,Web,4.9,2
CUST0373,2024-02-27,57,86.14,17,0,Basic,Daegu,iOS,4.2,3
CUST0374,2025-05-18,24,166.86,9,1,Basic,Busan,Android,2.7,2
CUST0375,2025-07-02,32,43.1,8,5,VIP,Busan,Android,4.3,2
CUST0376,2023-12-23,34,48.3,13,1,Basic,Daegu,iOS,2.8,0
CUST0377,2024-12-06,24,102.26,18,1,Silver,Incheon,Web,2.5,1
CUST0378,2022-05-08,48,163.4,12,2,VIP,Daegu,Android,3.2,3
CUST0379,2025-02-23,35,87.17,11,1,Gold,Busan,iOS,3.6,2
CUST0380,2025-11-04,28,172.28,13,0,Silver,Incheon,Web,3.3,3
CUST0381,2025-12-14,33,194.38,14,2,Gold,Busan,Web,2.3,3
CUST0382,2025-10-30,,79.03,4,0,Basic,Incheon,Android,3.9,1
CUST0383,2023-06-07,66,193.56,10,1,Basic,Busan,iOS,4.1,2
CUST0384,2025-03-18,52,132.19,12,2,Gold,Daegu,iOS,4.5,3
CUST0385,2025-01-04,34,123.37,9,0,Gold,Busan,Android,4.5,3
CUST0386,2025-08-22,29,159.08,16,0,VIP,Incheon,Web,3.0,3
CUST0387,2022-08-21,56,134.52,1,3,VIP,Daegu,Android,2.5,2
CUST0388,2023-08-31,27,175.06,8,6,Gold,Incheon,iOS,3.8,2
CUST0389,2023-03-08,45,,1,2,Silver,Seoul,iOS,4.5,2
CUST0390,2022-05-28,29,46.83,14,0,Gold,Incheon,iOS,4.3,3
CUST0391,2023-04-12,38,98.23,6,2,Gold,Seoul,iOS,3.7,2
CUST0392,2025-06-20,49,100.14,6,3,Basic,Seoul,iOS,3.0,1
CUST0393,2023-07-31,57,165.23,20,3,Basic,Daegu,iOS,2.7,2
CUST0394,2025-01-22,40,71.26,5,4,Basic,Incheon,iOS,2.3,0
CUST0395,2025-02-10,34,204.89,7,6,Silver,Seoul,iOS,5.0,2
CUST0396,2025-08-15,41,142.47,6,1,Basic,Daegu,Android,3.0,1
CUST0397,2025-01-29,42,105.5,13,5,Gold,Seoul,Web,3.4,2
CUST0398,2025-10-06,24,146.74,10,3,Silver,Daegu,Android,4.6,3
CUST0399,2022-11-09,35,109.07,3,0,Silver,Daegu,iOS,3.0,2
CUST0400,2024-01-07,28,109.03,8,4,Basic,Incheon,Android,4.1,1
CUST0401,2022-06-17,51,196.79,15,0,Silver,Busan,iOS,2.9,3
CUST0402,2024-11-04,51,38.79,14,4,Basic,Seoul,Web,3.2,1
CUST0403,2022-11-01,24,55.92,3,0,Basic,Incheon,iOS,3.5,0
CUST0404,2022-01-22,33,159.2,12,0,Silver,Incheon,Android,3.1,3
CUST0405,2025-03-04,26,38.91,13,0,Silver,Busan,iOS,3.9,2
CUST0406,2023-04-25,22,15,10,0,Silver,Seoul,Android,3.0,1
CUST0407,2024-12-03,46,139.95,14,1,Basic,Daegu,Android,2.4,2
CUST0408,2024-02-10,32,97.28,10,0,Silver,Seoul,iOS,2.6,1
CUST0409,2022-10-12,47,123.33,3,4,VIP,Seoul,iOS,2.5,3
CUST0410,2024-04-29,30,144.66,6,2,Silver,Seoul,iOS,3.7,2
CUST0411,2022-09-19,46,48.62,5,2,Gold,Seoul,Android,3.5,2
CUST0412,2024-04-10,32,115.48,10,2,Basic,Busan,iOS,3.1,1
CUST0413,2024-08-23,26,,18,2,Basic,Incheon,iOS,3.0,1
CUST0414,2025-11-05,43,105.09,14,0,Basic,Daegu,Android,3.9,1
CUST0415,2025-05-25,31,180.5,7,1,Basic,Incheon,Web,3.1,2
CUST0416,2025-05-20,50,165.56,9,2,Basic,Incheon,iOS,3.6,1
CUST0417,2024-09-14,38,129.34,17,1,Gold,Incheon,Android,2.5,3
CUST0418,2023-04-22,41,77.77,4,0,Basic,Busan,Android,3.5,0
CUST0419,2022-08-30,43,117.68,5,1,Gold,Seoul,iOS,3.4,2
CUST0420,2025-01-02,27,123.4,13,5,Silver,Daegu,Android,3.0,2
CUST0421,2025-02-19,28,154.24,9,5,Gold,Incheon,Android,3.4,2
CUST0422,2024-07-03,30,115.77,9,4,,Seoul,iOS,3.0,1
CUST0423,2025-07-26,45,15,15,3,Silver,Seoul,Android,3.8,0
CUST0424,2026-01-23,44,130.8,17,6,Basic,Seoul,iOS,3.1,1
CUST0425,2024-06-18,18,235.46,6,0,VIP,Busan,iOS,3.1,3
CUST0426,2025-10-12,62,137.21,16,1,Silver,Busan,iOS,3.9,3
CUST0427,2023-02-15,47,139.14,13,2,,Incheon,Android,5.0,3
CUST0428,2023-07-21,19,120.0,12,2,VIP,Daegu,Android,3.0,3
CUST0429,2023-11-28,43,269.7,6,3,Silver,Seoul,iOS,4.0,3
CUST0430,2023-05-14,59,97.6,20,1,Gold,Incheon,iOS,3.9,3
CUST0431,2023-03-28,40,15,5,3,,Seoul,Android,3.2,0
CUST0432,2024-03-28,35,94.36,5,7,Gold,Busan,Android,3.3,1
CUST0433,2025-10-31,28,39.47,21,4,VIP,Daegu,Android,2.6,3
CUST0434,2023-12-31,,114.84,10,1,Basic,Busan,Web,3.4,2
CUST0435,2024-01-31,42,151.7,17,1,Gold,Seoul,Web,2.8,3
CUST0436,2025-03-27,28,85.96,21,2,VIP,Daegu,Android,4.1,3
CUST0437,2022-09-04,49,178.46,1,4,Gold,Busan,iOS,4.2,2
CUST0438,2023-06-23,34,72.14,10,2,Basic,Daegu,Android,3.7,1
CUST0439,2024-03-31,40,191.9,7,1,Gold,Daegu,Android,2.8,3
CUST0440,2024-02-20,37,164.04,15,4,Basic,Busan,iOS,3.5,2
CUST0441,2023-09-07,46,223.07,10,0,Basic,Daegu,iOS,4.3,3
CUST0442,2023-11-17,38,238.77,13,2,Basic,Seoul,Android,3.7,3
CUST0443,2025-08-23,38,181.89,2,1,Silver,Busan,iOS,2.9,2
CUST0444,2023-08-10,34,102.55,11,0,Gold,Seoul,Android,2.9,2
CUST0445,2022-05-27,18,161.11,15,0,Silver,Incheon,Web,4.2,3
CUST0446,2024-01-14,48,154.07,8,5,Silver,Incheon,iOS,3.1,1
CUST0447,2025-12-06,38,63.28,8,2,Basic,Daegu,Web,3.7,0
CUST0448,2022-06-20,38,92.18,9,3,Basic,Incheon,iOS,4.3,1
CUST0449,2022-09-26,52,176.37,20,4,Gold,Incheon,iOS,2.9,3
CUST0450,2022-10-04,31,124.37,15,2,Silver,Daegu,iOS,4.9,2
CUST0451,2024-09-13,57,113.82,13,4,Silver,Daegu,Web,2.5,1
CUST0452,2024-08-18,18,105.48,6,3,Basic,Busan,Android,3.4,1
CUST0453,2025-01-27,21,111.64,2,2,Gold,Busan,iOS,2.9,2
CUST0454,2022-06-12,30,170.4,6,1,Silver,Incheon,Android,4.2,3
CUST0455,2022-05-21,31,149.11,12,0,,Daegu,Android,3.9,1
CUST0456,2024-12-31,43,171.44,6,0,Basic,Seoul,Android,3.2,2
CUST0457,2023-12-02,70,150.42,10,3,Basic,Seoul,iOS,3.3,1
CUST0458,2024-03-14,20,176.38,6,2,Basic,Busan,Android,3.3,1
CUST0459,2024-06-26,51,156.88,14,6,Basic,Busan,Android,4.1,0
CUST0460,2023-10-02,39,307.5,13,5,Basic,Incheon,iOS,4.5,3
CUST0461,2022-04-17,45,117.39,9,0,Silver,Daegu,Android,3.0,2
CUST0462,2023-05-13,44,100.87,16,4,Basic,Seoul,Android,3.2,1
CUST0463,2025-11-05,,130.9,12,0,Basic,Busan,iOS,2.7,1
CUST0464,2023-04-22,,43.76,18,2,Gold,Seoul,Android,4.6,3
CUST0465,2022-10-03,32,194.22,8,1,Basic,Incheon,Android,4.5,2
CUST0466,2024-08-17,38,145.61,9,0,Silver,Daegu,Android,2.4,2
CUST0467,2024-07-18,35,232.46,16,1,Basic,Daegu,iOS,3.9,3
CUST0468,2022-05-10,56,130.35,8,3,Gold,Busan,Android,5.0,3
CUST0469,2023-10-22,30,72.61,6,4,Silver,Daegu,Android,2.3,0
CUST0470,2022-03-07,50,172.82,19,4,Basic,Incheon,Android,4.7,3
CUST0471,2023-03-04,18,84.85,7,0,Silver,Seoul,Android,3.2,1
CUST0472,2025-12-21,23,25.21,13,0,Gold,Incheon,Web,2.9,2
CUST0473,2023-04-19,54,157.29,2,1,Basic,Seoul,Android,3.6,1
CUST0474,2025-07-31,31,122.95,7,2,Gold,Incheon,iOS,3.0,2
CUST0475,2024-12-29,23,91.87,9,0,Silver,Daegu,iOS,4.7,3
CUST0476,2023-10-25,51,129.41,8,3,Silver,Incheon,Web,4.2,2
CUST0477,2022-01-01,27,85.43,12,5,VIP,Incheon,Web,4.0,3
CUST0478,2023-10-07,33,15,6,1,Basic,Busan,Android,4.2,0
CUST0479,2024-07-31,61,143.89,9,1,VIP,Busan,Android,2.3,3
CUST0480,2023-03-22,34,153.65,6,4,Basic,Incheon,iOS,3.6,2
CUST0481,2023-09-08,37,42.23,11,1,Silver,Seoul,iOS,4.0,1
CUST0482,2022-09-04,,153.26,4,4,Gold,Incheon,Android,4.1,2
CUST0483,2023-10-16,44,101.21,7,0,Silver,Daegu,iOS,5.0,2
CUST0484,2025-03-24,32,122.23,7,2,Silver,Incheon,iOS,4.8,2
CUST0485,2023-06-22,30,,9,4,Silver,Seoul,iOS,3.7,2
CUST0486,2024-12-09,51,163.08,11,1,,Busan,iOS,4.2,3
CUST0487,2023-01-26,39,151.2,11,0,Gold,Incheon,Android,3.7,3
CUST0488,2024-06-21,32,196.66,15,2,VIP,Incheon,iOS,4.6,3
CUST0489,2025-06-25,60,158.26,12,4,Basic,Seoul,Android,3.5,0
CUST0490,2025-01-06,,80.76,11,2,Silver,Seoul,Android,3.2,1
CUST0491,2025-09-20,42,197.19,11,0,Gold,Seoul,Android,1.4,2
CUST0492,2025-09-14,29,122.92,14,2,Silver,Seoul,Android,3.2,2
CUST0493,2024-11-07,35,236.57,5,0,Silver,Busan,Web,5.0,3
CUST0494,2025-12-30,44,126.31,6,6,Silver,Incheon,iOS,2.8,1
CUST0495,2023-09-12,47,135.58,6,2,Basic,Daegu,Android,3.0,1
CUST0496,2023-07-28,41,281.61,1,2,VIP,Seoul,Web,2.1,3
CUST0497,2025-03-19,40,179.71,8,3,Gold,Busan,Android,3.3,2
CUST0498,2023-09-25,,249.6,14,1,Basic,Busan,Web,2.8,3
CUST0499,2025-02-15,29,20.99,15,1,Gold,Busan,Android,4.7,2
CUST0500,2023-09-14,20,111.97,14,6,Basic,Incheon,Web,3.5,1
CUST0501,2025-06-07,18,174.92,20,0,Basic,Busan,Android,3.2,3
CUST0502,2025-05-23,26,79.7,5,0,Basic,Incheon,Android,3.4,1
CUST0503,2022-01-31,21,145.53,12,4,Basic,Incheon,iOS,2.9,1
CUST0504,2024-09-30,65,69.17,12,5,Basic,Incheon,Web,3.6,1
CUST0505,2025-03-17,29,27.88,15,1,Gold,Daegu,Android,3.6,2
CUST0506,2023-05-19,26,92.68,17,0,Gold,Seoul,Web,2.4,3
CUST0507,2023-09-16,27,123.53,10,0,Basic,Daegu,Android,2.1,1
CUST0508,2024-07-14,40,85.36,13,3,VIP,Incheon,Web,4.6,3
CUST0509,2023-01-02,50,164.88,13,4,Silver,Daegu,iOS,4.3,2
CUST0510,2022-09-11,18,163.62,19,0,Silver,Busan,iOS,4.1,3
CUST0511,2024-02-19,54,176.67,9,1,VIP,Busan,Android,3.0,3
CUST0512,2023-09-26,46,139.17,5,5,Basic,Seoul,Android,3.7,0
CUST0513,2024-10-16,35,15,10,3,Basic,Daegu,Android,5.0,0
CUST0514,2025-05-16,,75.68,21,2,Silver,Incheon,Android,3.5,3
CUST0515,2023-12-16,31,105.76,4,1,Basic,Busan,Android,1.8,0
CUST0516,2022-11-27,,154.67,6,0,Basic,Incheon,Web,2.8,2
CUST0517,2022-07-10,31,63.29,8,0,Silver,Daegu,Web,3.5,1
CUST0518,2025-11-23,40,81.76,18,0,Basic,Incheon,Android,3.5,1
CUST0519,2025-11-11,45,92.01,8,3,Silver,Seoul,iOS,3.5,1
CUST0520,2025-06-12,22,70.72,9,0,Silver,Daegu,Web,3.8,1
CUST0521,2022-02-19,25,104.46,7,0,Gold,Busan,Android,3.9,3
CUST0522,2025-07-29,18,151.49,10,1,Basic,Daegu,iOS,2.7,1
CUST0523,2023-11-14,43,206.49,9,1,Silver,Seoul,Android,4.1,3
CUST0524,2022-03-14,28,204.15,10,2,Basic,Incheon,Web,3.8,2
CUST0525,2022-04-25,30,80.03,3,0,Gold,Incheon,Web,2.6,1
CUST0526,2022-11-02,44,90.08,10,0,Gold,Daegu,Android,2.8,2
CUST0527,2023-09-24,38,143.59,17,2,Silver,Seoul,Web,4.0,2
CUST0528,2023-09-12,36,84.08,16,2,Silver,Daegu,Android,2.7,2
CUST0529,2024-09-17,44,,14,2,Gold,Busan,Android,4.3,3
CUST0530,2022-03-16,37,63.43,11,1,VIP,Busan,Android,4.6,3
CUST0531,2022-04-05,20,151.97,10,2,Silver,Seoul,Android,4.6,2
CUST0532,2023-07-21,55,186.58,10,2,Basic,Busan,Android,3.5,1
CUST0533,2023-12-19,18,110.93,9,1,,Seoul,Android,3.6,3
CUST0534,2022-04-14,29,116.65,19,1,,Daegu,iOS,2.9,2
CUST0535,2023-10-02,48,175.25,9,1,Basic,Incheon,iOS,4.3,2
CUST0536,2025-12-01,35,161.77,11,0,Gold,Busan,Android,5.0,3
CUST0537,2024-03-13,26,142.01,7,0,Basic,Daegu,Web,2.8,1
CUST0538,2024-08-02,49,242.18,6,5,Basic,Seoul,Android,2.9,2
CUST0539,2025-08-23,44,93.07,7,4,Gold,Seoul,Android,2.5,1
CUST0540,2023-11-29,,150.11,4,3,Basic,Incheon,Android,3.4,1
CUST0541,2022-06-09,43,211.75,1,4,Gold,Busan,iOS,2.6,2
CUST0542,2024-04-11,37,43.42,12,1,Basic,Incheon,Android,2.7,0
CUST0543,2022-10-12,44,141.18,14,0,Gold,Seoul,Android,2.6,3
CUST0544,2024-07-04,58,52.66,10,2,Silver,Incheon,iOS,3.7,1
CUST0545,2023-12-07,,208.4,8,4,VIP,Incheon,iOS,4.1,3
CUST0546,2025-02-20,,125.57,6,0,Basic,Seoul,Android,4.4,1
CUST0547,2024-04-11,43,83.15,17,0,Silver,Daegu,iOS,3.5,3
CUST0548,2025-10-04,27,176.76,8,0,VIP,Incheon,Android,3.7,3
CUST0549,2025-08-08,40,135.96,9,1,VIP,Busan,Android,4.4,3
CUST0550,2024-07-10,47,27.58,17,0,Silver,Incheon,iOS,4.5,2
CUST0551,2025-01-23,32,156.07,10,2,Gold,Daegu,Android,1.9,2
CUST0552,2026-02-06,36,123.38,16,3,VIP,Seoul,Android,2.6,3
CUST0553,2025-09-21,18,112.01,11,0,Silver,Busan,iOS,2.3,2
CUST0554,2024-11-15,43,124.54,5,0,Basic,Seoul,iOS,3.3,1
CUST0555,2025-02-28,52,90.01,8,4,,Daegu,iOS,4.1,0
CUST0556,2022-06-18,37,207.32,5,1,Gold,Seoul,Android,3.0,3
CUST0557,2025-04-26,42,145.73,11,1,Basic,Seoul,iOS,2.9,1
CUST0558,2022-06-22,37,49.5,8,3,Basic,Seoul,Android,3.5,0
CUST0559,2022-12-09,54,114.92,15,0,Silver,Incheon,iOS,3.4,2
CUST0560,2024-09-02,43,216.86,6,4,Basic,Incheon,iOS,3.4,1
CUST0561,2024-07-08,38,38.12,6,2,Basic,Incheon,Android,3.1,0
CUST0562,2025-08-28,31,162.35,1,1,Silver,Incheon,iOS,4.3,2
CUST0563,2025-04-20,45,91.4,10,3,Gold,Busan,iOS,2.9,1
CUST0564,2022-07-20,40,63.92,4,0,Basic,Seoul,Android,3.3,0
CUST0565,2025-09-06,20,116.78,6,5,Silver,Seoul,Web,3.4,1
CUST0566,2025-08-19,45,106.24,8,1,Silver,Incheon,iOS,3.8,2
CUST0567,2023-07-21,18,72.02,17,0,VIP,Incheon,Web,3.4,3
CUST0568,2023-11-13,41,46.19,6,0,Basic,Seoul,Android,3.3,1
CUST0569,2024-10-04,48,128.92,12,1,Basic,Incheon,Android,5.0,3
CUST0570,2025-03-16,50,173.21,4,3,Basic,Seoul,Android,4.2,2
CUST0571,2025-12-04,36,35.63,16,2,Basic,Incheon,Android,3.4,1
CUST0572,2022-01-07,33,178.05,18,2,Silver,Seoul,iOS,3.5,3
CUST0573,2025-07-18,25,185.84,11,1,Basic,Daegu,Android,1.0,1
CUST0574,2022-12-28,56,128.51,4,5,Gold,Daegu,iOS,2.5,2
CUST0575,2025-07-19,18,81.67,8,1,Gold,Incheon,Android,3.1,2
CUST0576,2024-07-09,31,143.54,12,2,Silver,Daegu,iOS,4.1,2
CUST0577,2025-01-03,41,127.91,8,4,Basic,Incheon,Web,3.2,0
CUST0578,2025-08-21,48,188.28,12,2,Silver,Seoul,Android,4.2,3
CUST0579,2022-08-06,44,154.73,15,3,Basic,Seoul,Web,3.7,1
CUST0580,2025-11-02,51,178.62,9,2,Gold,Incheon,Android,3.6,3
CUST0581,2024-04-30,33,116.27,15,0,Basic,Seoul,Android,3.5,1
CUST0582,2022-02-02,44,176.01,12,3,Gold,Incheon,iOS,3.0,3
CUST0583,2023-02-27,42,114.51,22,2,Basic,Incheon,iOS,3.1,1
CUST0584,2022-06-30,44,164.23,7,2,Silver,Incheon,iOS,4.0,3
CUST0585,2025-01-10,24,61.13,10,2,Silver,Seoul,iOS,3.4,1
CUST0586,2022-11-24,25,127.09,8,1,Basic,Incheon,iOS,3.8,1
CUST0587,2022-04-18,37,115.68,8,1,Gold,Incheon,Android,2.7,2
CUST0588,2025-10-18,45,114.44,12,0,Gold,Daegu,Android,4.8,3
CUST0589,2025-04-13,45,106.3,13,3,Basic,Busan,Android,3.5,2
CUST0590,2023-07-07,18,141.31,18,6,Basic,Busan,iOS,2.5,1
CUST0591,2023-03-27,40,157.41,10,1,Silver,Busan,iOS,4.6,3
CUST0592,2024-12-04,51,81.02,12,0,VIP,Busan,Android,3.0,3
CUST0593,2024-06-08,18,142.29,3,0,,Busan,Android,3.1,3
CUST0594,2024-10-29,18,74.46,8,1,VIP,Seoul,Web,3.3,3
CUST0595,2024-04-12,,144.19,2,2,Basic,Seoul,iOS,3.8,0
CUST0596,2025-04-10,45,120.92,8,5,Basic,Incheon,Web,4.3,1
CUST0597,2022-01-03,52,139.26,12,0,Silver,Incheon,iOS,2.1,3
CUST0598,2022-06-15,41,113.8,14,1,Basic,Busan,iOS,4.3,2
CUST0599,2025-06-21,31,95.84,16,1,Basic,Incheon,Android,4.1,2
CUST0600,2022-08-21,50,143.35,6,0,Basic,Daegu,Android,2.0,0
